TREATMEN,INCLUDE,MATCH,RESPONSE,TIMESTAR,DATESUBM,STATUS,HOWMANYO,WHATGRAD,WHATISYO,ASIANWHA,BLACKORA,HISPANIC,NATIVEAM,PACIFICI,WHITEWHA,OTHERWHA,PREFERNO,TEACHER_ID,Q8POSTAN,Q9POSTAN,Q10POSTA,Q11POSTA,Q12POSTA,Q13POSTA,Q14POSTA,Q15POSTA,Q16POSTA,Q17POSTA,Q18POSTA,POST_IBE,POST_IAM,POST_ICA,POST_WHE,POST_IFE,POST_IWO,POST_WOR,POST_MAT,V42_A,V43_A,POST_LEA,V45_A,V46_A,POST_IDO,POST_IEN,ONASCALE,V50_A,WOULDYOU,DRAFTING,SOLVINGM,CREATING,CHECKING,SETTINGL,LEARNING,COMPETIT,ADDINGAN,MULTIPLY,SOLVINGE,ORDEROFO,DATAANAL,V64_A,BUDGETMA,PROBLEMS,V84,V85,V86,V87,V88,V89,V90,Q8PREANS,Q9PREANS,Q10PREAN,Q11PREAN,Q12PREAN,Q13PREAN,Q14PREAN,Q15PREAN,Q16PREAN,Q17PREAN,Q18PREAN,PRE_IBEL,PRE_IAMC,PRE_ICAN,PRE_WHEN,PRE_IFEE,PRE_IWOR,PRE_WORK,PRE_MATH,V95_A,V96_A,PRE_LEAR,V98_A,V99_A,PRE_IDON,PRE_IENJ,V117,Q8PRE,Q9PRE,Q10PRE,Q11PRE,Q12PRE,Q13PRE,Q14PRE,Q15PRE,Q16PRE,Q17PRE,Q18PRE,Q8POST,Q9POST,Q10POST,Q11POST,Q12POST,Q13POST,Q14POST,Q15POST,Q16POST,Q17POST,Q18POST,V140,Q8CHANGE,Q9CHANGE,Q10CHANG,Q11CHANG,Q12CHANG,Q13CHANG,Q14CHANG,Q15CHANG,Q16CHANG,Q17CHANG,Q18CHANG,TOTCHANG,MATHPRE,MATHPOST,MATHCHAN,GRADE,PRESCALE,POSTSCAL,GRADE6,GRADE7,GRADE8,GRADE9,GRADE10,GRADE11,GENDERFE,GENDERMA,GENDERNB,GENDERNA,FILTER_$,POST_L1,POST_L2,POST_L3,POST_L4,POST_L5,POST_L6,POST_L7,POST_L8,POST_L9,POST_L10,POST_L11,POST_L12,POST_L13,POST_L14,POST_L15,PRE_L1,PRE_L2,PRE_L3,PRE_L4,PRE_L5,PRE_L6,PRE_L7,PRE_L8,PRE_L9,PRE_L10,PRE_L11,PRE_L12,PRE_L13,PRE_L14,PRE_L15,V185_A,V186_A,V187_A,V188_A,PRE_L6_R,PRE_L7_R,PRE_L8_R,PRE_L9_R,MATHEFFI,V194_A,ISMATCHE
0,1,195,144,14000631793.000002,14000632596.000002,Complete,6,Other,Male,,Black or African American,,,,,,,Teacher_4,3 6/9 or 3.67,3 3/4 or 3.75,110/120,10,12,585,Identify key information,35,27,7 1/2 or 7.50,13,Neutral,Neutral,Agree,Neutral,Disagree,Disagree,Strongly agree,Neutral,Agree,Agree,Agree,Agree,Agree,Neutral,Strongly disagree,,,,,,,,,,,,,,,,,,,,,,,,,,3 6/9 or 3.67,4 1/4 or 4.25,1.2,4,6,585,Identify key information,idk,48,8 15/16 or 8.94,13,Neutral,Agree,Neutral,Agree,Disagree,Agree,Strongly agree,Disagree,Neutral,Disagree,Neutral,Neutral,Neutral,Agree,Agree,,0,1,1,0,1,0,1,0,0,1,0,0,1,0,0,0,0,1,0,0,0,0,,0,0,-1,0,-1,0,0,0,0,-1,0,-3,0.454545454545455,0.181818181818182,-0.272727272727273,12,0.45454545454545453,0.18181818181818182,0,0,0,0,0,0,0,1,0,0,1,3,3,4,3,2,2,5,3,4,4,4,4,4,3,1,3,4,3,4,2,4,5,2,3,2,3,3,3,4,4,4,1,3,2,2,1,4,3,3,3,1
0,1,145,145,14000638534.999998,14000638586,Partial,0,Other,Male,,Black or African American,,,,,,,Teacher_4,3 6/9 or 3.67,3 3/4 or 3.75,120,,,,,,,,,,,,,,,,,,,,,,,,,,,,,,,,,,,,,,,,,,,,,,,,,3 6/9 or 3.67,4 1/4 or 4.25,0.83,14,36,695,Use order of operations,240(1/20) + 6(2) (5),35.75,8 15/16 or 8.94,20,Neutral,Neutral,Neutral,Neutral,Neutral,Neutral,Neutral,Neutral,Neutral,Disagree,Neutral,Neutral,Neutral,Neutral,Neutral,,0,1,1,1,0,0,0,0,1,1,0,0,1,0,0,0,0,0,0,0,0,0,,0,0,-1,-1,0,0,0,0,-1,-1,0,-4,0.454545454545455,0.090909090909091,-0.363636363636364,12,0.45454545454545453,0.09090909090909091,0,0,0,0,0,0,0,1,0,0,1,,,,,,,,,,,,,,,,3,3,3,3,3,3,3,3,3,2,3,3,3,3,3,,,,,3,3,3,3,2.933333333333333,,1
0,1,,146,14000640944.999998,14000641175.000002,Complete,1,Other,Female,,Black or African American,,,,,,,Teacher_4,4 9/20 or 4.45,3 3/4 or 3.75,110/122,14,8,695,Write an equation,X(cost),35,8 15/16 or 8.94,13,Neutral,Agree,Neutral,Neutral,Strongly disagree,Agree,Agree,Agree,Strongly agree,Agree,Agree,Agree,Agree,Agree,Agree,3,3,Yes,,,,,,,Competition with classmates/peers,Adding and subtracting fractions,,Solving equations,,Data analysis,Creating graphs,,Problem solving,,,,,,,,,,,,,,,,,,,,,,,,,,,,,,,,,,,,,,,,,,,,,,0,1,0,1,0,0,0,0,0,1,,,0,1,0,1,0,0,0,0,0,1,0,3,,0.3,,12,,0.3,0,0,0,0,0,0,1,0,0,0,,3,4,3,3,1,4,4,4,5,4,4,4,4,4,4,,,,,,,,,,,,,,,,2,2,2,1,,,,,,3,
0,1,,147,14000641212,14000641583.000002,Complete,6,Other,Female,,Black or African American,,,,,,,Teacher_4,3 6/20 or 3.30,- 4 1/4 or -4.25,IDK,8,12,760,Check your answer,Push,100,9 1/4 or 9.25,18,Neutral,Strongly disagree,Strongly disagree,Strongly disagree,Disagree,Strongly disagree,Disagree,Disagree,Agree,Neutral,Neutral,Strongly disagree,Agree,Disagree,Neutral,1,1,Maybe,,,Creating graphs,,,,,,,,,Data analysis,,,,,,,,,,,,,,,,,,,,,,,,,,,,,,,,,,,,,,,,,,,,,,,,,0,0,0,0,0,0,0,0,0,0,,,0,0,0,0,0,0,0,0,0,0,0,0,,0,,12,,0,0,0,0,0,0,0,1,0,0,0,,3,1,1,1,2,1,2,2,4,3,3,1,4,2,3,,,,,,,,,,,,,,,,5,4,4,2,,,,,,2.6,
0,1,176,148,14000641381.999998,14000641739,Complete,3,Other,Male,,Black or African American,,,,,,,Teacher_4,4 7/20 or 4.35,- 4 1/4 or -4.25,100,10,6,695,Use order of operations,IDK,50,8 15/16 or 8.94,20,Disagree,Disagree,Disagree,Disagree,Disagree,Disagree,Neutral,Disagree,Disagree,Disagree,Disagree,Disagree,Disagree,Agree,Agree,,,,,,,,,,,,,,,,,,,,,,,,,,3 6/9 or 3.67,3 3/4 or 3.75,20,14,36,0,0,0,0,0,0,0,0,0,0,0,0,0,0,0,0,0,0,0,0,0,,0,0,1,1,0,0,0,0,0,0,0,1,0,0,0,1,0,0,0,0,1,0,,1,0,-1,-1,1,0,0,0,0,1,0,1,0.181818181818182,0.272727272727273,0.090909090909091,12,0.18181818181818182,0.2727272727272727,0,0,0,0,0,0,0,1,0,0,1,2,2,2,2,2,2,3,2,2,2,2,2,2,4,4,,,,,,,,,,,,,,,,4,3,4,4,,,,,,2.7333333333333334,1
0,1,192,149,14000641627,14000642153,Complete,5,Other,Prefer not to say,,,,,,,,Prefer not to say,Teacher_4,3 6/9 or 3.67,3 1/4 or 3.25,110/122,14,6,595,Use order of operations,.o5x +5,35.75,9 1/4 or 9.25,18,Agree,Agree,Agree,Agree,Neutral,Disagree,Disagree,Disagree,Disagree,Agree,Agree,Agree,Agree,Agree,Agree,,,,,,,,,,,,,,,,,,,,,,,,,,4 7/20 or 4.35,- 4 1/4 or -4.25,0.833333333,14,6,595,Use order of operations,use algebraic skills to solve the equation.,0,0,0,0,0,0,0,0,0,0,0,0,0,0,0,0,0,0,,1,0,1,1,1,1,0,0,0,0,0,0,0,0,1,1,1,0,0,1,0,0,,-1,0,-1,0,0,0,0,0,1,0,0,-1,0.454545454545455,0.363636363636364,-0.090909090909091,12,0.45454545454545453,0.36363636363636365,0,0,0,0,0,0,0,0,0,1,1,4,4,4,4,3,2,2,2,2,4,4,4,4,4,4,,,,,,,,,,,,,,,,4,4,4,4,,,,,,3.933333333333333,1
0,1,,150,14000642199,14000642414,Complete,0,Other,Male,,Black or African American,,,,,,,Teacher_4,3 6/20 or 3.30,3 1/4 or 3.25,110/122,14,6,595,Identify key information,1/20(x) + 5x =,35.75,8 15/16 or 8.94,20,Agree,Agree,Agree,Agree,Agree,Agree,Agree,Agree,Agree,Agree,Agree,Agree,Agree,Agree,Agree,3,3,Maybe,,,,Checking leaderboards,,,,,,,,Data analysis,,,,,,,,,,,,,,,,,,,,,,,,,,,,,,,,,,,,,,,,,,,,,,,,,0,0,0,1,1,1,1,0,1,1,,,0,0,0,1,1,1,1,0,1,1,0,6,,0.6,,12,,0.6,0,0,0,0,0,0,0,1,0,0,,4,4,4,4,4,4,4,4,4,4,4,4,4,4,4,,,,,,,,,,,,,,,,2,2,2,2,,,,,,3.466666666666667,
0,1,,151,14000642468.000002,14000641690.000002,Complete,0,Other,Male,,,Hispanic or Latino/a,,,,,,Teacher_4,3 6/9 or 3.67,3 3/4 or 3.75,110/132,14,6,595,Identify key information,I forget,35.75,7 1/2 or 7.50,13,Strongly agree,Agree,Agree,Agree,Neutral,Agree,Agree,Disagree,Disagree,Agree,Agree,Strongly agree,Strongly agree,Agree,Strongly agree,3,3,Maybe,,,,Checking leaderboards,,,Competition with classmates/peers,,,,,,,,Problem solving,,,,,,,,,,,,,,,,,,,,,,,,,,,,,,,,,,,,,,,,,,,,,,0,1,1,1,1,1,1,0,1,0,,,0,1,1,1,1,1,1,0,1,0,0,7,,0.7,,12,,0.7,0,0,0,0,0,0,0,1,0,0,,5,4,4,4,3,4,4,2,2,4,4,5,5,4,5,,,,,,,,,,,,,,,,2,2,4,4,,,,,,3.933333333333333,
0,1,144,152,14000642472,14000642791,Complete,1,11th,Male,,Black or African American,,,,,,,Teacher_4,4 9/20 or 4.45,3 3/4 or 3.75,1.12,14,12,695,Identify key information,240(1/20) + 25,35.75,8 15/16 or 8.94,15,Agree,Neutral,Agree,Agree,Disagree,Neutral,Neutral,Neutral,Disagree,Neutral,Agree,Agree,Agree,Agree,Agree,,,,,,,,,,,,,,,,,,,,,,,,,,4 9/20 or 4.45,3 3/4 or 3.75,1.12,10,6,695,Identify key information,240(1/20) + 6(2) (5),35.75,8 15/16 or 8.94,20,Agree,Agree,Agree,Agree,Disagree,Neutral,Neutral,Neutral,Disagree,Agree,Agree,Agree,Agree,Agree,Agree,,0,0,0,0,1,0,1,0,1,1,0,0,0,0,1,0,0,1,0,1,1,1,,0,0,0,1,-1,0,0,0,0,0,1,1,0.36363636363636365,0.45454545454545453,0.09090909090909088,11,0.36363636363636365,0.45454545454545453,0,0,0,0,0,1,0,1,0,0,1,4,3,4,4,2,3,3,3,2,3,4,4,4,4,4,4,4,4,4,2,3,3,3,2,4,4,4,4,4,4,3,3,3,4,3,3,3,4,3.6666666666666665,3.533333333333333,1
0,1,147,153,14000642588.000002,14000642767,Complete,2,10th,Female,,Black or African American,,,,,Other,,Teacher_5,3 6/9 or 3.67,- 4 1/4 or -4.25,46148,10,6,695,Use order of operations,2x 1/20x5,35.75,8 15/16 or 8.94,18,Disagree,Strongly disagree,Strongly disagree,Neutral,Disagree,Neutral,Strongly disagree,Strongly disagree,Strongly disagree,Agree,Agree,Agree,Neutral,Neutral,Disagree,,,,,,,,,,,,,,,,,,,,,,,,,,3 6/9 or 3.67,- 4 1/4 or -4.25,566578,10,36,585,Check your answer,67,34,8 15/16 or 8.94,18,Disagree,Strongly disagree,Strongly disagree,Neutral,Disagree,Neutral,Disagree,Strongly disagree,Strongly disagree,Neutral,Agree,Agree,Neutral,Neutral,Disagree,,0,0,0,0,0,0,0,0,0,1,0,0,0,1,0,1,0,0,0,1,1,0,,0,0,1,0,1,0,0,0,1,0,0,3,0.09090909090909091,0.36363636363636365,0.2727272727272727,10,0.09090909090909091,0.36363636363636365,0,0,0,0,1,0,1,0,0,0,1,2,1,1,3,2,3,1,1,1,4,4,4,3,3,2,2,1,1,3,2,3,2,1,1,3,4,4,3,3,2,3,5,5,5,3,4,5,5,3,3.1333333333333333,1
0,1,148,154,14000642599.999998,14000642953,Complete,5,10th,Male,,Black or African American,,,,,,,Teacher_5,3 6/9 or 3.67,4 1/4 or 4.25,1.12,14,6,585,Use order of operations,(240x1/20)+(2x5),35.75,8 15/16 or 8.94,15,Agree,Agree,Neutral,Neutral,Neutral,Neutral,Neutral,Neutral,Agree,Neutral,Agree,Neutral,Neutral,Neutral,Disagree,,,,,,,,,,,,,,,,,,,,,,,,,,3 6/9 or 3.67,4 1/4 or 4.25,1.12,14,8,585,Use order of operations,240(1/20) + 6(2) (5),35.75,9 1/4 or 9.25,15,Agree,Neutral,Agree,Neutral,Neutral,Neutral,Neutral,Neutral,Neutral,Neutral,Neutral,Neutral,Neutral,Neutral,Neutral,,0,1,0,1,0,0,0,0,1,0,1,0,1,0,1,1,0,0,1,1,1,1,,0,0,0,0,1,0,0,1,0,1,0,3,0.36363636363636365,0.6363636363636364,0.2727272727272727,10,0.36363636363636365,0.6363636363636364,0,0,0,0,1,0,0,1,0,0,1,4,4,3,3,3,3,3,3,4,3,4,3,3,3,2,4,3,4,3,3,3,3,3,3,3,3,3,3,3,3,3,3,3,2,3,3,3,3,3.1333333333333333,3.066666666666667,1
0,1,154,155,14000642640.000002,14000643069,Complete,1,6th,Female,,,,,,,Other,,Teacher_5,4 7/20 or 4.35,4 1/4 or 4.25,46148,10,6,595,Identify key information,(1/20x240)x5,35.75,8 15/16 or 8.94,15,Agree,Neutral,Agree,Agree,Neutral,Neutral,Disagree,Disagree,Strongly disagree,Agree,Agree,Agree,Neutral,Neutral,Strongly disagree,,,,,,,,,,,,,,,,,,,,,,,,,,4 7/20 or 4.35,4 1/4 or 4.25,46148,10,6,595,Write an equation,(1/20x2)x5,35.75,8 15/16 or 8.94,15,Agree,Neutral,Agree,Strongly agree,Agree,Disagree,Strongly disagree,Strongly disagree,Strongly disagree,Agree,Strongly agree,Strongly agree,Agree,Neutral,Strongly disagree,,1,1,1,0,1,1,0,0,1,1,1,1,1,1,0,1,1,1,0,1,1,1,,0,0,0,0,0,0,1,0,0,0,0,1,0.7272727272727273,0.8181818181818182,0.09090909090909094,6,0.7272727272727273,0.8181818181818182,1,0,0,0,0,0,1,0,0,0,1,4,3,4,4,3,3,2,2,1,4,4,4,3,3,1,4,3,4,5,4,2,1,1,1,4,5,5,4,3,1,3,4,4,5,4,5,5,5,4.066666666666666,3.533333333333333,1
0,1,164,156,14000642648,14000642972.999998,Partial,1,6th,Female,,Black or African American,,,,,,,Teacher_5,4 7/20 or 4.35,4 1/4 or 4.25,110/132 or 55/66,14,,,,,,,,,,,,,,,,,,,,,,,,,,,,,,,,,,,,,,,,,,,,,,,,4 7/20 or 4.35,4 1/4 or 4.25,110/132 or 55/66,14,6,0,0,0,0,0,0,0,0,0,0,0,0,0,0,0,0,0,0,0,0,0,,1,1,1,1,1,0,0,0,0,0,0,1,1,1,1,0,0,0,0,0,0,0,,0,0,0,0,-1,0,0,0,0,0,0,-1,0.45454545454545453,0.36363636363636365,-0.09090909090909088,6,0.45454545454545453,0.36363636363636365,1,0,0,0,0,0,1,0,0,0,1,,,,,,,,,,,,,,,,,,,,,,,,,,,,,,,,,,,,,,,,,1
0,1,166,157,14000642648.999998,14000642972.000002,Complete,1,6th,Female,,,,,,,Other,,Teacher_4,4 7/20 or 4.35,4 1/4 or 4.25,46148,10,6,595,Write an equation,240 x 1/20x5,35.75,8 13/16 or 8.81,15,Neutral,Agree,Agree,Neutral,Agree,Disagree,Strongly disagree,Strongly disagree,Disagree,Neutral,Strongly agree,Agree,Agree,Neutral,Strongly disagree,,,,,,,,,,,,,,,,,,,,,,,,,,4 7/20 or 4.35,4 1/4 or 4.25,46148,10,6,595,Write an equation,2x 1/20x5,35.75,8 15/16 or 8.94,15,Agree,Agree,Agree,Neutral,Strongly agree,Disagree,Strongly disagree,Strongly disagree,Strongly disagree,Agree,Strongly agree,Strongly agree,Neutral,Neutral,Strongly disagree,,1,1,1,0,1,1,0,0,1,1,1,1,1,1,0,1,1,0,0,1,0,1,,0,0,0,0,0,0,0,0,0,-1,0,-1,0.7272727272727273,0.6363636363636364,-0.09090909090909094,6,0.7272727272727273,0.6363636363636364,1,0,0,0,0,0,1,0,0,0,1,3,4,4,3,4,2,1,1,2,3,5,4,4,3,1,4,4,4,3,5,2,1,1,1,4,5,5,3,3,1,4,5,5,4,4,5,5,5,4,3.7333333333333334,1
0,1,167,158,14000642650.999998,14000643308.000002,Complete,3,6th,Prefer not to say,,,,,,,,Prefer not to say,Teacher_4,4 7/20 or 4.35,4 1/4 or 4.25,110/132,4,6,595,Write an equation,,,,,Strongly agree,Agree,Strongly agree,Strongly agree,Strongly agree,Disagree,Strongly disagree,Strongly disagree,Disagree,Neutral,Agree,Disagree,Agree,Agree,Strongly agree,,,,,,,,,,,,,,,,,,,,,,,,,,4 7/20 or 4.35,4 1/4 or 4.25,46148,4,6,595,Write an equation,240 times 1/20 + 2 times 5,35.75,7 1/2 or 7.50,15,Strongly agree,Strongly agree,Strongly agree,Strongly agree,Strongly agree,Strongly disagree,Strongly disagree,Strongly disagree,Strongly disagree,Neutral,Neutral,Strongly disagree,Strongly agree,Strongly agree,Strongly agree,,1,1,1,0,1,1,0,1,1,0,1,1,1,1,0,1,1,0,0,0,0,0,,0,0,0,0,0,0,0,-1,-1,0,-1,-3,0.7272727272727273,0.45454545454545453,-0.27272727272727276,6,0.7272727272727273,0.45454545454545453,1,0,0,0,0,0,0,0,0,1,1,5,4,5,5,5,2,1,1,2,3,4,2,4,4,5,5,5,5,5,5,1,1,1,1,3,3,1,5,5,5,4,5,5,4,5,5,5,5,4.466666666666667,4.266666666666667,1
0,1,168,159,14000642700,14000643011,Complete,3,6th,Female,,,,,,White,,,Teacher_4,4 7/20 or 4.35,4 1/4 or 4.25,110/132,14,12,595,Identify key information,,,,,Strongly agree,Strongly agree,Strongly agree,Strongly agree,Strongly agree,Agree,Strongly agree,Strongly agree,Agree,Strongly agree,Strongly agree,Strongly agree,Strongly agree,Strongly agree,Strongly agree,,,,,,,,,,,,,,,,,,,,,,,,,,4 7/20 or 4.35,4 1/4 or 4.25,110/132,14,12,595,Identify key information,i wouldnt. i dont want to do this.,I DONT CARE.,8 15/16 or 8.94,18,Strongly agree,Strongly agree,Strongly agree,Strongly agree,Strongly agree,Strongly agree,Strongly agree,Strongly agree,Strongly agree,Strongly agree,Strongly agree,Strongly agree,Strongly agree,Strongly agree,Strongly agree,,1,1,1,1,0,1,1,0,0,1,0,1,1,1,1,0,1,1,0,0,0,0,,0,0,0,0,0,0,0,0,0,-1,0,-1,0.6363636363636364,0.5454545454545454,-0.09090909090909094,6,0.6363636363636364,0.5454545454545454,1,0,0,0,0,0,1,0,0,0,1,5,5,5,5,5,4,5,5,4,5,5,5,5,5,5,5,5,5,5,5,5,5,5,5,5,5,5,5,5,5,2,1,1,2,1,1,1,1,3.933333333333333,4.066666666666666,1
0,1,172,160,14000642700,14000643210,Complete,2,6th,Female,,Black or African American,Hispanic or Latino/a,,,,,,Teacher_5,4 7/20 or 4.35,4 1/4 or 4.25,5/6 or 110/132,14,12,695,Write an equation,240/1/20/5,0,8 15/16 or 8.94,15,Disagree,Disagree,Disagree,Disagree,Neutral,Neutral,Neutral,Agree,,,,,,,,,,,,,,,,,,,,,,,,,,,,,,,,,4 7/20 or 4.35,4 1/4 or 4.25,5/6 or 110/132,14,12,695,Write an equation,240/1/20/5,0,8 15/16 or 8.94,15,Neutral,Neutral,Neutral,Neutral,Neutral,Neutral,Neutral,Neutral,Neutral,Neutral,Neutral,Neutral,Neutral,Neutral,Neutral,,1,1,1,1,0,0,0,0,0,1,1,1,1,1,1,0,0,0,0,0,1,1,,0,0,0,0,0,0,0,0,0,0,0,0,0.5454545454545454,0.5454545454545454,0,6,0.5454545454545454,0.5454545454545454,1,0,0,0,0,0,1,0,0,0,1,2,2,2,2,3,3,3,4,,,,,,,,3,3,3,3,3,3,3,3,3,3,3,3,3,3,3,3,3,2,,3,3,3,3,3,2.375,1
0,1,173,161,14000642700,14000643252.000002,Complete,4,6th,Prefer not to say,,Black or African American,,,,,,,Teacher_4,3 6/9 or 3.67,4 1/4 or 4.25,5/6 or 110/132,14,12,595,Identify key information,,,,,Neutral,Neutral,Neutral,Neutral,Neutral,Neutral,Agree,Neutral,Neutral,Neutral,Neutral,Neutral,Neutral,Neutral,Neutral,,,,,,,,,,,,,,,,,,,,,,,,,,4 7/20 or 4.35,4 1/4 or 4.25,5/6 or 110/132,14,12,760,Write an equation,240 x 1/20  = 12  2 x 5 = 10  12x10= 120,0,7 1/2 or 7.50,15,Neutral,Neutral,Neutral,Neutral,Neutral,Neutral,Neutral,Neutral,Neutral,Neutral,Neutral,Neutral,Neutral,Neutral,Neutral,,1,1,1,1,0,0,0,0,0,0,1,0,1,1,1,0,1,1,0,0,0,0,,-1,0,0,0,0,1,1,0,0,0,-1,0,0.45454545454545453,0.45454545454545453,0,6,0.45454545454545453,0.45454545454545453,1,0,0,0,0,0,0,0,0,1,1,3,3,3,3,3,3,4,3,3,3,3,3,3,3,3,3,3,3,3,3,3,3,3,3,3,3,3,3,3,3,3,2,3,3,3,3,3,3,3,2.933333333333333,1
0,1,174,162,14000642701.999998,14000643043,Complete,0,6th,Female,,,,,,White,,,Teacher_5,4 7/20 or 4.35,4 1/4 or 4.25,46148,14,36,595,Identify key information,240 x 5 + 1/20 x 2,35.75,8 13/16 or 8.81,13,Neutral,Agree,Agree,Neutral,Neutral,Disagree,Agree,Neutral,Disagree,Neutral,Neutral,Agree,Neutral,Neutral,Neutral,,,,,,,,,,,,,,,,,,,,,,,,,,4 7/20 or 4.35,4 1/4 or 4.25,46148,14,6,595,Identify key information,240 x 5 = 1200 and 1/20 x 2 = 1/10,35.75,8 13/16 or 8.81,20,Agree,Agree,Neutral,Neutral,Agree,Disagree,Agree,Disagree,Disagree,Disagree,Disagree,Agree,Neutral,Agree,Neutral,,1,1,1,1,1,1,1,0,1,0,0,1,1,1,1,0,1,1,0,1,0,0,,0,0,0,0,-1,0,0,0,0,0,0,-1,0.7272727272727273,0.6363636363636364,-0.09090909090909094,6,0.7272727272727273,0.6363636363636364,1,0,0,0,0,0,1,0,0,0,1,3,4,4,3,3,2,4,3,2,3,3,4,3,3,3,4,4,3,3,4,2,4,2,2,2,2,4,3,4,3,4,2,3,4,4,2,4,4,3.3333333333333335,3.2666666666666666,1
0,1,175,163,14000642714,14000642980.999998,Complete,0,6th,Male,,,Hispanic or Latino/a,,,,,,Teacher_4,4 7/20 or 4.35,4 1/4 or 4.25,110/132,10,6,695,Use order of operations,240/1/20+5,35.75,9 1/4 or 9.25,18,Neutral,Neutral,Disagree,Neutral,Agree,Disagree,Disagree,Disagree,Disagree,Agree,Agree,Agree,Agree,Agree,Agree,,,,,,,,,,,,,,,,,,,,,,,,,,4 7/20 or 4.35,4 1/4 or 4.25,110/132,4,6,585,Use order of operations,240divide 1/20+5,35/   3/4,9 1/4 or 9.25,18,Neutral,Neutral,Neutral,Neutral,Neutral,Disagree,Disagree,Disagree,Disagree,Agree,Agree,Agree,Agree,Agree,Agree,,1,1,1,0,1,0,0,0,1,0,0,1,1,1,0,1,0,0,0,1,0,0,,0,0,0,0,0,0,0,0,0,0,0,0,0.45454545454545453,0.45454545454545453,0,6,0.45454545454545453,0.45454545454545453,1,0,0,0,0,0,0,1,0,0,1,3,3,2,3,4,2,2,2,2,4,4,4,4,4,4,3,3,3,3,3,2,2,2,2,4,4,4,4,4,4,4,4,4,4,4,4,4,4,3.6666666666666665,3.6666666666666665,1
0,1,178,164,14000642714.999998,14000643115.000002,Complete,,6th,Male,,Black or African American,,,,,,,Teacher_4,4 7/20 or 4.35,4 1/4 or 4.25,46148,8,12,585,Check your answer,multipy and add,35,8 13/16 or 8.81,13,Neutral,Neutral,Agree,Neutral,Agree,Neutral,Neutral,Neutral,Agree,Agree,Agree,Agree,Agree,Agree,Agree,,,,,,,,,,,,,,,,,,,,,,,,,,4 7/20 or 4.35,4 1/4 or 4.25,46148,8,12,695,Check your answer,multipy,28,8 13/16 or 8.81,13,Neutral,Neutral,Strongly agree,Neutral,Agree,Neutral,Neutral,Neutral,Agree,Strongly agree,Strongly agree,Agree,Neutral,Agree,Agree,,1,1,1,0,0,0,0,0,0,0,0,1,1,1,0,0,0,0,0,0,0,0,,0,0,0,0,0,0,0,0,0,0,0,0,0.2727272727272727,0.2727272727272727,0,6,0.2727272727272727,0.2727272727272727,1,0,0,0,0,0,0,1,0,0,1,3,3,4,3,4,3,3,3,4,4,4,4,4,4,4,3,3,5,3,4,3,3,3,4,5,5,4,3,4,4,3,3,3,2,3,3,3,2,3.6,3.466666666666667,1
0,1,179,165,14000642718,14000643278.000002,Partial,1,6th,Male,,,,,,White,,,Teacher_4,4 7/20 or 4.35,4 1/4 or 4.25,46148,14,6,595,Identify key information,(240x1/20)+(2x5),,,,,,,,,,,,,,,,,,,,,,,,,,,,,,,,,,,,,,,,,,,,4 7/20 or 4.35,4 1/4 or 4.25,46148,14,6,595,Identify key information,(240x1/20)+(2x5),0,0,0,0,0,0,0,0,0,0,0,0,0,0,0,0,0,0,,1,1,1,1,1,1,1,1,0,0,0,1,1,1,1,1,1,1,1,0,0,0,,0,0,0,0,0,0,0,0,0,0,0,0,0.7272727272727273,0.7272727272727273,0,6,0.7272727272727273,0.7272727272727273,1,0,0,0,0,0,0,1,0,0,1,,,,,,,,,,,,,,,,,,,,,,,,,,,,,,,,,,,,,,,,,1
0,1,180,166,14000642720,14000643085.000002,Complete,1,6th,Female,,,,,,,,Prefer not to say,Teacher_5,4 9/20 or 4.45,3 3/4 or 3.75,46148,4,12,595,Write an equation,240x2x1+2x5,35.75,9 1/4 or 9.25,15,Neutral,Neutral,Neutral,Disagree,Disagree,Neutral,Disagree,Disagree,Disagree,Neutral,Agree,Agree,Agree,Neutral,Neutral,,,,,,,,,,,,,,,,,,,,,,,,,,4 7/20 or 4.35,4 1/4 or 4.25,46148,14,6,595,Write an equation,in my way i would do it like this 240x2x1//20x5?,35.75,9 1/4 or 9.25,15,Neutral,Neutral,Neutral,Neutral,Disagree,Neutral,Disagree,Disagree,Disagree,Agree,Agree,Agree,Neutral,Neutral,Neutral,,1,1,1,1,1,1,0,0,1,0,1,0,0,1,0,0,1,0,0,1,0,1,,-1,-1,0,-1,-1,0,0,0,0,0,0,-4,0.7272727272727273,0.36363636363636365,-0.36363636363636365,6,0.7272727272727273,0.36363636363636365,1,0,0,0,0,0,1,0,0,0,1,3,3,3,2,2,3,2,2,2,3,4,4,4,3,3,3,3,3,3,2,3,2,2,2,4,4,4,3,3,3,3,4,4,4,3,4,4,4,3.3333333333333335,3.2666666666666666,1
0,1,181,167,14000642721.000002,14000643209,Complete,1,6th,Male,,Black or African American,Hispanic or Latino/a,Native American,,,,,Teacher_4,4 7/20 or 4.35,4 1/4 or 4.25,110/132,8,6,760,Use order of operations,240 x 1/20 + 2 x 5,35.75,9 1/4 or 9.25,15,Agree,Agree,Neutral,Neutral,Agree,Disagree,Disagree,Disagree,Disagree,Agree,Agree,Neutral,Neutral,Neutral,Disagree,,,,,,,,,,,,,,,,,,,,,,,,,,4 7/20 or 4.35,4 1/4 or 4.25,110/132,4,6,760,Use order of operations,240 + 1/20 x 2 x 5,13.5,9 1/4 or 9.25,20,Agree,Agree,Neutral,Neutral,Agree,Disagree,Strongly disagree,Disagree,Disagree,Agree,Neutral,Disagree,Neutral,Agree,Strongly disagree,,1,1,1,0,1,0,0,0,0,0,0,1,1,1,0,1,0,0,1,1,0,1,,0,0,0,0,0,0,0,1,1,0,1,3,0.36363636363636365,0.6363636363636364,0.2727272727272727,6,0.36363636363636365,0.6363636363636364,1,0,0,0,0,0,0,1,0,0,1,4,4,3,3,4,2,2,2,2,4,4,3,3,3,2,4,4,3,3,4,2,1,2,2,4,3,2,3,4,1,4,4,4,4,4,5,4,4,3.466666666666667,3.533333333333333,1
0,1,184,168,14000642722,14000643392,Complete,2,6th,Male,,,,,,,,Prefer not to say,Teacher_4,4 7/20 or 4.35,3 3/4 or 3.75,0.8,14,36,595,Write an equation,0.04 per yard,35.75,8 15/16 or 8.94,15,Agree,Agree,Neutral,Agree,Neutral,Neutral,Neutral,Strongly disagree,Neutral,Neutral,Strongly agree,Strongly agree,Agree,Agree,Strongly disagree,,,,,,,,,,,,,,,,,,,,,,,,,,4 7/20 or 4.35,4 1/4 or 4.25,0.8,4,8,595,Identify key information,1 point per 25 yards (or \(0.04\) per yard).,13.5 points,7 1/2 or 7.50,15,Agree,Agree,Neutral,Agree,Neutral,Disagree,Agree,Strongly disagree,Neutral,Neutral,Strongly agree,Strongly agree,Strongly agree,Agree,Strongly disagree,,1,1,1,0,0,1,1,0,0,0,1,1,0,1,1,0,1,0,0,1,1,1,,0,-1,0,1,0,0,-1,0,1,1,0,1,0.5454545454545454,0.6363636363636364,0.09090909090909094,6,0.5454545454545454,0.6363636363636364,1,0,0,0,0,0,0,1,0,0,1,4,4,3,4,3,3,3,1,3,3,5,5,4,4,1,4,4,3,4,3,2,4,1,3,3,5,5,5,4,1,3,3,5,3,4,2,5,3,3.6666666666666665,3.6,1
0,1,186,169,14000642723,14000642969,Complete,0,6th,Male,,Black or African American,,,,,,,Teacher_5,4 7/20 or 4.35,4 1/4 or 4.25,46148,4,12,595,Write an equation,dunno,28,8 13/16 or 8.81,13,Agree,Strongly agree,Strongly agree,Agree,Neutral,Neutral,Neutral,Agree,Strongly agree,Strongly agree,Strongly agree,Agree,Neutral,Agree,Strongly agree,,,,,,,,,,,,,,,,,,,,,,,,,,4 7/20 or 4.35,4 1/4 or 4.25,46148,8,12,695,Write an equation,multipy,28,8 13/16 or 8.81,13,Neutral,Strongly agree,Strongly agree,Agree,Neutral,Neutral,Neutral,Agree,Strongly agree,Strongly agree,Strongly agree,Agree,Neutral,Agree,Strongly agree,,1,1,1,0,0,0,0,0,0,0,0,1,1,1,0,0,1,0,0,0,0,0,,0,0,0,0,0,1,0,0,0,0,0,1,0.2727272727272727,0.36363636363636365,0.09090909090909094,6,0.2727272727272727,0.36363636363636365,1,0,0,0,0,0,0,1,0,0,1,4,5,5,4,3,3,3,4,5,5,5,4,3,4,5,3,5,5,4,3,3,3,4,5,5,5,4,3,4,5,3,3,2,1,3,3,2,1,3.6666666666666665,3.7333333333333334,1
0,1,187,170,14000642724,14000643146,Complete,2,6th,Female,,,Hispanic or Latino/a,,,,,,Teacher_4,4 7/20 or 4.35,4 1/4 or 4.25,110/132,14,6,595,Identify key information,(240x1/20)+(2x5),35.75,8 15/16 or 8.94,,Agree,Agree,Agree,Neutral,Neutral,Disagree,Neutral,Strongly disagree,Strongly disagree,Neutral,Neutral,Neutral,Neutral,Agree,Disagree,,,,,,,,,,,,,,,,,,,,,,,,,,4 7/20 or 4.35,4 1/4 or 4.25,46148,14,6,595,Identify key information,240 divided by 1/20 x 2 x 5,35.75,9 1/4 or 9.25,15,Agree,Agree,Neutral,Neutral,Neutral,Disagree,Disagree,Strongly disagree,Disagree,Neutral,Agree,Neutral,Neutral,Neutral,Neutral,,1,1,1,1,1,1,1,0,1,0,1,1,1,1,1,1,1,1,1,1,1,0,,0,0,0,0,0,0,0,1,0,1,-1,1,0.8181818181818182,0.9090909090909091,0.09090909090909083,6,0.8181818181818182,0.9090909090909091,1,0,0,0,0,0,1,0,0,0,1,4,4,4,3,3,2,3,1,1,3,3,3,3,4,2,4,4,3,3,3,2,2,1,2,3,4,3,3,3,3,4,3,5,5,4,4,5,4,3.533333333333333,3.533333333333333,1
0,1,188,171,14000642762,14000642952.000002,Complete,3,6th,Male,,Black or African American,,,,,,,Teacher_5,4 7/20 or 4.35,4 1/4 or 4.25,110/132,14,12,695,Write an equation,(240 x 1/20) + (2 x 5),35.75,,,Agree,Strongly agree,Agree,Agree,Strongly agree,Strongly disagree,Disagree,Agree,Strongly disagree,Neutral,Neutral,Strongly agree,Strongly agree,Strongly agree,Strongly agree,,,,,,,,,,,,,,,,,,,,,,,,,,4 7/20 or 4.35,4 1/4 or 4.25,110/132,14,12,695,Write an equation,(240 x 1/20) + (2 x 5),35 3/4 or 35.75,8 15/16 or 8.94,15,Strongly agree,Strongly agree,Strongly agree,Agree,Strongly agree,Strongly disagree,Disagree,Neutral,Strongly disagree,Neutral,Disagree,Agree,Strongly agree,Strongly agree,Strongly agree,,1,1,1,1,0,0,0,1,1,1,1,1,1,1,1,0,0,0,1,1,0,0,,0,0,0,0,0,0,0,0,0,-1,-1,-2,0.7272727272727273,0.5454545454545454,-0.18181818181818188,6,0.7272727272727273,0.5454545454545454,1,0,0,0,0,0,0,1,0,0,1,4,5,4,4,5,1,2,4,1,3,3,5,5,5,5,5,5,5,4,5,1,2,3,1,3,2,4,5,5,5,5,4,2,5,5,4,3,5,4.333333333333333,4.266666666666667,1
0,1,189,172,14000642779.999998,14000643115.000002,Complete,1,6th,Female,,,,,,White,,,Teacher_4,4 7/20 or 4.35,4 1/4 or 4.25,46148,14,6,695,Write an equation,IDC,,,,Strongly agree,Strongly agree,Strongly agree,Strongly agree,Strongly agree,Strongly agree,Strongly agree,Agree,Strongly agree,Strongly agree,Strongly agree,Strongly agree,Strongly agree,Strongly agree,Strongly agree,,,,,,,,,,,,,,,,,,,,,,,,,,4 7/20 or 4.35,4 1/4 or 4.25,46148,14,6,595,Use order of operations,m,35.75,8 15/16 or 8.94,15,Strongly agree,Strongly agree,Strongly agree,Strongly agree,Strongly agree,Strongly agree,Strongly agree,Strongly agree,Strongly agree,Strongly agree,Strongly agree,Strongly agree,Strongly agree,Strongly agree,Strongly agree,,1,1,1,1,1,1,0,0,1,1,1,1,1,1,1,1,0,0,0,0,0,0,,0,0,0,0,0,-1,0,0,-1,-1,-1,-4,0.8181818181818182,0.45454545454545453,-0.3636363636363637,6,0.8181818181818182,0.45454545454545453,1,0,0,0,0,0,1,0,0,0,1,5,5,5,5,5,5,5,4,5,5,5,5,5,5,5,5,5,5,5,5,5,5,5,5,5,5,5,5,5,5,1,1,2,1,1,1,1,1,3.933333333333333,4,1
0,1,196,173,14000642785.000002,14000643222,Complete,0,9th,Male,,,,,,White,,,Teacher_4,4 7/20 or 4.35,4 1/4 or 4.25,46148,10,8,595,Identify key information,240 x 1/20 + 6(2)/(5),35.75,9 1/4 or 9.25,18,Agree,Disagree,Disagree,Disagree,Strongly agree,Strongly agree,Strongly agree,Disagree,Neutral,Neutral,,,,,,,,,,,,,,,,,,,,,,,,,,,,,,,4 7/20 or 4.35,4 1/4 or 4.25,0.8333 rep,14,36,595,Identify key information,240(1/20) + 6(2) (5),35.75,7 1/2 or 7.50,13,Agree,Disagree,Neutral,Agree,Strongly agree,Strongly agree,Strongly agree,Disagree,Disagree,Neutral,Neutral,Agree,Neutral,Agree,Neutral,,1,1,1,1,0,1,1,0,1,0,0,1,1,1,0,0,1,1,0,1,0,0,,0,0,0,-1,0,0,0,0,0,0,0,-1,0.6363636363636364,0.5454545454545454,-0.09090909090909094,9,0.6363636363636364,0.5454545454545454,0,0,0,1,0,0,0,1,0,0,1,4,2,2,2,5,5,5,2,3,3,,,,,,4,2,3,4,5,5,5,2,2,3,3,4,3,4,3,1,1,4,3,1,1,4,4,3.2,2.7,1
1,1,105,3,13999349525,13999433523,Complete,0,7th,Female,,,,,,White,,,Teacher_2,4 7/20 or 4.35,3 3/4 or 3.75,46148,14,6,595,Identify key information,(240 x 1/20)+ (2 x 5) =22,35.75,8 15/16 or 8.94,15,Strongly agree,Strongly agree,Strongly agree,Strongly agree,Strongly agree,Disagree,Strongly disagree,Strongly disagree,Strongly disagree,Strongly agree,Strongly agree,Strongly agree,Strongly agree,Strongly agree,Strongly agree,5,4,Yes,Drafting players,Solving math equations,Creating graphs,Checking leaderboards,Setting lineups,Learning about real players,Competition with classmates/peers,Adding and subtracting fractions,Multiplying fractions,Solving equations,,Data analysis,Creating graphs,Budget management,Problem solving,,,,,,,,4 7/20 or 4.35,4 1/4 or 4.25,46148,14,6,595,Identify key information,(240 x 1/20)+(2 x 5),35.75,8 15/16 or 8.94,15,Strongly agree,Strongly agree,Strongly agree,Strongly agree,Strongly agree,Disagree,Strongly disagree,Strongly disagree,Strongly disagree,Strongly agree,Strongly agree,Strongly agree,Strongly agree,Strongly agree,Strongly agree,,1,1,1,1,1,1,1,1,1,1,1,1,1,1,1,1,1,1,1,1,1,1,,0,0,0,0,0,0,0,0,0,0,0,0,1,1,0,7,1,1,0,1,0,0,0,0,1,0,0,0,1,5,5,5,5,5,2,1,1,1,5,5,5,5,5,5,5,5,5,5,5,2,1,1,1,5,5,5,5,5,5,4,5,5,5,4,5,5,5,4.933333333333334,4.933333333333334,1
1,1,103,4,13999349547,13999349767,Partial,0,7th,Female,Asian,,,,,White,,,Teacher_2,4 7/20 or 4.35,3 3/4 or 3.75,46148,14,6,,,,,,,,,,,,,,,,,,,,,,,,,,,,,,,,,,,,,,,,,,,,,,,4 7/20 or 4.35,4 1/4 or 4.25,46148,14,6,0,0,0,0,0,0,0,0,0,0,0,0,0,0,0,0,0,0,0,0,0,,1,1,1,1,1,0,0,0,0,0,0,1,1,1,1,1,0,0,0,0,0,0,,0,0,0,0,0,0,0,0,0,0,0,0,0.45454545454545453,0.45454545454545453,0,7,0.45454545454545453,0.45454545454545453,0,1,0,0,0,0,1,0,0,0,1,,,,,,,,,,,,,,,,,,,,,,,,,,,,,,,,,,,,,,,,,1
1,1,,5,13999349622.000002,13999444662.000002,Complete,3,7th,Male,,,Hispanic or Latino/a,,,,,,Teacher_2,4 7/20 or 4.35,3 3/4 or 3.75,46148,4,6,595,Identify key information,240times 1/20+{2times5,35.75,8 13/16 or 8.81,15,Agree,Agree,Agree,Neutral,Agree,Neutral,Disagree,Strongly disagree,Strongly disagree,Agree,Strongly agree,Strongly agree,Agree,Agree,Neutral,5,4,Yes,Drafting players,Solving math equations,,,,Learning about real players,Competition with classmates/peers,,Multiplying fractions,Solving equations,Order of operations (PEMDAS),,Creating graphs,,,,,,,,,,,,,,,,,,,,,,,,,,,,,,,,,,,,,,,,,,,,,,,,1,1,1,0,1,1,1,1,1,0,1,,1,1,1,0,1,1,1,1,1,0,1,9,,0.8181818181818182,,7,,0.8181818181818182,0,1,0,0,0,0,0,1,0,0,,4,4,4,3,4,3,2,1,1,4,5,5,4,4,3,,,,,,,,,,,,,,,,3,4,5,5,,,,,,4.066666666666666,
1,1,,6,13999349712,13999349731,Partial,0,7th,Male,,,,,Pacific Islander,,,,Teacher_2,,,,,,,,,,,,,,,,,,,,,,,,,,,,,,,,,,,,,,,,,,,,,,,,,,,,,,,,,,,,,,,,,,,,,,,,,,,,,,,,,,,,,,,,,,,,,,,,,,,,,,0,0,0,0,0,0,0,0,0,0,0,0,,,,7,,,0,1,0,0,0,0,0,1,0,0,,,,,,,,,,,,,,,,,,,,,,,,,,,,,,,,,,,,,,,,,,
1,0,,7,13999356592,13999356946,Complete,0,8th,Male,,,,,,White,,,Teacher_2,4 7/20 or 4.35,3 3/4 or 3.75,46148,14,6,595,Identify key information,(240x1/20)+(5x2),35.75,8 15/16 or 8.94,15,Strongly agree,Strongly agree,Strongly agree,Strongly agree,Strongly agree,Neutral,Strongly disagree,Strongly disagree,Strongly disagree,Neutral,Strongly agree,Agree,Strongly agree,Agree,Agree,5,4,Yes,Drafting players,Solving math equations,,Checking leaderboards,Setting lineups,,Competition with classmates/peers,,Multiplying fractions,Solving equations,Order of operations (PEMDAS),Data analysis,Creating graphs,Budget management,Problem solving,,,,,,,,,,,,,,,,,,,,,,,,,,,,,,,,,,,,,,,,,,,,,,1,1,1,1,1,1,1,1,1,1,1,,1,1,1,1,1,1,1,1,1,1,1,11,,1,,8,,1,0,0,1,0,0,0,0,1,0,0,,5,5,5,5,5,3,1,1,1,3,5,4,5,4,4,,,,,,,,,,,,,,,,3,5,5,5,,,,,,4.533333333333333,
1,1,141,8,13999357088.000002,13999357665,Complete,0,8th,Non-binary,,,,,,White,,,Teacher_2,4 7/20 or 4.35,3 3/4 or 3.75,46148,14,6,595,Write an equation,240(1/20)+2(5)=22,35.75,8 15/16 or 8.94,15,Agree,Agree,Agree,Agree,Agree,Disagree,Disagree,Disagree,Disagree,Agree,Agree,Agree,Agree,Agree,Agree,4,3,Maybe,Drafting players,,,Checking leaderboards,,,Competition with classmates/peers,Adding and subtracting fractions,Multiplying fractions,Solving equations,,,,,,,,,,,,,4 7/20 or 4.35,4 1/4 or 4.25,46148,14,6,595,Write an equation,240(1/20)+2(5)=22,35.75,8 15/16 or 8.94,15,Strongly agree,Strongly agree,Agree,Neutral,Agree,Disagree,Disagree,Disagree,Strongly disagree,Agree,Agree,Agree,Neutral,Agree,Neutral,,1,1,1,1,1,1,0,1,1,1,1,1,1,1,1,1,1,0,1,1,1,1,,0,0,0,0,0,0,0,0,0,0,0,0,0.9090909090909091,0.9090909090909091,0,8,0.9090909090909091,0.9090909090909091,0,0,1,0,0,0,0,0,1,0,1,4,4,4,4,4,2,2,2,2,4,4,4,4,4,4,5,5,4,3,4,2,2,2,1,4,4,4,3,4,3,4,4,4,4,4,4,4,5,4,4,1
1,0,,9,13999357219,13999357570.999998,Complete,1,8th,Male,,,,,,White,,,Teacher_2,4 7/20 or 4.35,3 3/4 or 3.75,46148,10,6,595,Identify key information,y=240x1/20+2x5,35.75,8 15/16 or 8.94,13,Disagree,Neutral,Disagree,Strongly disagree,Agree,Agree,Agree,Neutral,Agree,Neutral,Disagree,Neutral,Disagree,Strongly disagree,Agree,4,4,Yes,,Solving math equations,Creating graphs,,Setting lineups,,Competition with classmates/peers,Adding and subtracting fractions,Multiplying fractions,Solving equations,,Data analysis,,Budget management,,,,,,,,,,,,,,,,,,,,,,,,,,,,,,,,,,,,,,,,,,,,,,,1,1,1,0,1,1,1,1,1,1,,,1,1,1,0,1,1,1,1,1,1,0,9,,0.9,,8,,0.9,0,0,1,0,0,0,0,1,0,0,,2,3,2,1,4,4,4,3,4,3,2,3,2,1,4,,,,,,,,,,,,,,,,2,2,3,2,,,,,,2.4,
1,1,131,10,13999357448.999998,13999358964,Complete,4,8th,Female,,Black or African American,,,,,,,Teacher_2,4 7/20 or 4.35,3 3/4 or 3.75,46307,14,6,595,Identify key information,(240 x 1/20)+(2 x 5)=22,35.75,8 15/16 or 8.94,15,Strongly disagree,Strongly disagree,Strongly disagree,Strongly disagree,Strongly disagree,Strongly disagree,Strongly disagree,Strongly disagree,Strongly disagree,Strongly disagree,Strongly disagree,Strongly disagree,Strongly disagree,Strongly disagree,Strongly disagree,5,5,Yes,,Solving math equations,,Checking leaderboards,,,Competition with classmates/peers,Adding and subtracting fractions,Multiplying fractions,Solving equations,Order of operations (PEMDAS),,,Budget management,Problem solving,,,,,,,,4 7/20 or 4.35,4 1/4 or 4.25,46148,10,6,595,Identify key information,240 x 1/20 + 2 x 5,66,8 15/16 or 8.94,15,Agree,Agree,Neutral,Agree,Neutral,Disagree,Disagree,Strongly disagree,Neutral,Agree,Agree,Agree,Agree,Agree,Agree,,1,1,1,0,1,1,1,1,0,1,1,1,1,1,1,1,1,1,1,1,1,1,,0,0,0,1,0,0,0,0,1,0,0,2,0.8181818181818182,1,0.18181818181818177,8,0.8181818181818182,1,0,0,1,0,0,0,1,0,0,0,1,1,1,1,1,1,1,1,1,1,1,1,1,1,1,1,4,4,3,4,3,2,2,1,3,4,4,4,4,4,4,5,5,5,5,4,4,5,3,3.8666666666666667,2.066666666666667,1
1,0,,11,13999357659,13999357679,Partial,1,8th,Male,,,,,,White,,,Teacher_2,,,,,,,,,,,,,,,,,,,,,,,,,,,,,,,,,,,,,,,,,,,,,,,,,,,,,,,,,,,,,,,,,,,,,,,,,,,,,,,,,,,,,,,,,,,,,,,,,,,,,,0,0,0,0,0,0,0,0,0,0,0,0,,,,8,,,0,0,1,0,0,0,0,1,0,0,,,,,,,,,,,,,,,,,,,,,,,,,,,,,,,,,,,,,,,,,,
1,1,134,12,13999358135,13999358936,Complete,3,8th,Male,,Black or African American,,,,,,,Teacher_2,4 7/20 or 4.35,3 3/4 or 3.75,46148,14,6,695,Identify key information,(240*1/20)+(2*5),35.75,8 15/16 or 8.94,15,Agree,Agree,Agree,Agree,Agree,Strongly disagree,Strongly disagree,Strongly disagree,Strongly disagree,Neutral,Neutral,Neutral,Neutral,Neutral,Disagree,5,5,Yes,Drafting players,,,Checking leaderboards,Setting lineups,,Competition with classmates/peers,Adding and subtracting fractions,Multiplying fractions,Solving equations,Order of operations (PEMDAS),,,Budget management,Problem solving,,,,,,,,4 7/20 or 4.35,4 1/4 or 4.25,46148,14,12,0,0,0,0,0,0,0,0,0,0,0,0,0,0,0,0,0,0,0,0,0,,1,1,1,1,0,0,0,0,0,0,0,1,1,1,1,1,0,1,1,1,1,1,,0,0,0,0,1,0,1,1,1,1,1,6,0.36363636363636365,0.9090909090909091,0.5454545454545454,8,0.36363636363636365,0.9090909090909091,0,0,1,0,0,0,0,1,0,0,1,4,4,4,4,4,1,1,1,1,3,3,3,3,3,2,,,,,,,,,,,,,,,,5,5,5,5,,,,,,3.8,1
1,0,,13,13999358341,13999358716.999998,Complete,1,8th,Male,,,,,,White,,,Teacher_2,4 7/20 or 4.35,3 3/4 or 3.75,46148,14,12,695,Use order of operations,240/2+1/20,35.75,9 1/4 or 9.25,15,Agree,Agree,Agree,Agree,Agree,Disagree,Disagree,Disagree,Disagree,Neutral,Agree,Agree,Agree,Agree,Agree,3,4,Yes,,,,Checking leaderboards,,,,Adding and subtracting fractions,Multiplying fractions,Solving equations,Order of operations (PEMDAS),Data analysis,Creating graphs,Budget management,Problem solving,,,,,,,,,,,,,,,,,,,,,,,,,,,,,,,,,,,,,,,,,,,,,,1,1,1,1,0,0,0,0,1,0,1,,1,1,1,1,0,0,0,0,1,0,1,6,,0.5454545454545454,,8,,0.5454545454545454,0,0,1,0,0,0,0,1,0,0,,4,4,4,4,4,2,2,2,2,3,4,4,4,4,4,,,,,,,,,,,,,,,,4,4,4,4,,,,,,3.933333333333333,
1,0,,14,13999359465.000002,13999359934.999998,Complete,0,8th,Female,,Black or African American,,,,White,,,Teacher_2,4 7/20 or 4.35,3 3/4 or 3.75,46148,14,6,595,Identify key information,(1/20x5)+(5x2),35.75,8 15/16 or 8.94,15,Strongly agree,Strongly agree,Strongly agree,Agree,Strongly agree,Disagree,Disagree,Disagree,Strongly disagree,Agree,Agree,Agree,Agree,Agree,Agree,5,5,Yes,Drafting players,,,Checking leaderboards,Setting lineups,,Competition with classmates/peers,Adding and subtracting fractions,Multiplying fractions,Solving equations,,Data analysis,Creating graphs,Budget management,Problem solving,,,,,,,,,,,,,,,,,,,,,,,,,,,,,,,,,,,,,,,,,,,,,,1,1,1,1,1,1,1,0,1,1,1,,1,1,1,1,1,1,1,0,1,1,1,10,,0.9090909090909091,,8,,0.9090909090909091,0,0,1,0,0,0,1,0,0,0,,5,5,5,4,5,2,2,2,1,4,4,4,4,4,4,,,,,,,,,,,,,,,,4,4,4,5,,,,,,4.333333333333333,
1,0,,15,13999359983.999998,13999360119.000002,Partial,2,8th,Female,,,,,,White,,,Teacher_2,4 7/20 or 4.35,3 3/4 or 3.75,46148,14,6,,,,,,,,,,,,,,,,,,,,,,,,,,,,,,,,,,,,,,,,,,,,,,,,,,,,,,,,,,,,,,,,,,,,,,,,,,,,,,,,,,,,,1,1,1,1,1,0,0,,,,,,1,1,1,1,1,0,0,0,0,0,0,5,,0.7142857142857143,,8,,0.7142857142857143,0,0,1,0,0,0,1,0,0,0,,,,,,,,,,,,,,,,,,,,,,,,,,,,,,,,,,,,,,,,,,
1,1,114,16,13999442312.000002,13999442777,Complete,1,8th,Male,,,,,,White,,,Teacher_2,4 7/20 or 4.35,3 3/4 or 3.75,46148,14,6,595,Identify key information,240/10 + 2*5 =total points,35.75,8 15/16 or 8.94,15,Strongly agree,Strongly agree,Strongly agree,Strongly agree,Strongly agree,Strongly disagree,Strongly disagree,Strongly disagree,Strongly disagree,Strongly agree,Strongly agree,Strongly agree,Strongly agree,Strongly agree,Strongly agree,3,3,Maybe,,,,,,,Competition with classmates/peers,Adding and subtracting fractions,,,,Data analysis,Creating graphs,Budget management,,,,,,,,,4 7/20 or 4.35,4 1/4 or 4.25,46148,14,6,595,Identify key information,(1/20*240)+(2*5)=Total Points,35.75points,8 15/16 or 8.94,15,Strongly agree,Strongly agree,Strongly agree,Strongly agree,Strongly agree,Strongly disagree,Strongly disagree,Strongly disagree,Strongly disagree,Strongly agree,Strongly agree,Strongly agree,Strongly agree,Strongly agree,Strongly agree,,1,1,1,1,1,1,1,1,1,1,1,1,1,1,1,1,1,1,0,1,1,1,,0,0,0,0,0,0,0,-1,0,0,0,-1,1,0.9090909090909091,-0.09090909090909094,8,1,0.9090909090909091,0,0,1,0,0,0,0,1,0,0,1,5,5,5,5,5,1,1,1,1,5,5,5,5,5,5,5,5,5,5,5,1,1,1,1,5,5,5,5,5,5,5,5,5,5,5,5,5,5,5,5,1
1,1,132,17,13999442333.999998,13999442869,Complete,1,8th,Male,Asian,,,,,White,,,Teacher_2,4 7/20 or 4.35,3 3/4 or 3.75,46148,10,6,595,Identify key information,240/20+5+5,35.75,8 13/16 or 8.81,15,Strongly agree,Strongly agree,Strongly agree,Strongly agree,Strongly agree,Strongly agree,Strongly agree,Strongly agree,Strongly agree,Strongly agree,Strongly agree,Strongly agree,Strongly agree,Strongly agree,Strongly agree,4,3,Yes,Drafting players,Solving math equations,,,Setting lineups,,Competition with classmates/peers,Adding and subtracting fractions,Multiplying fractions,,,,,,Problem solving,,,,,,,,4 7/20 or 4.35,4 1/4 or 4.25,46148,10,36,595,Identify key information,240/20+2x5,35.75,8 15/16 or 8.94,15,Agree,Agree,Agree,Agree,Agree,Agree,Agree,Agree,Agree,Agree,Agree,Agree,Agree,Agree,Agree,,1,1,1,0,0,1,1,1,1,1,1,1,1,1,0,1,1,1,1,1,0,1,,0,0,0,0,1,0,0,0,0,-1,0,0,0.8181818181818182,0.8181818181818182,0,8,0.8181818181818182,0.8181818181818182,0,0,1,0,0,0,0,1,0,0,1,5,5,5,5,5,5,5,5,5,5,5,5,5,5,5,4,4,4,4,4,4,4,4,4,4,4,4,4,4,4,1,1,1,1,2,2,2,2,3.466666666666667,3.933333333333333,1
1,1,136,18,13999442378,13999442957.999998,Complete,2,8th,Female,Asian,,,,,White,,,Teacher_2,4 7/20 or 4.35,3 3/4 or 3.75,46148,14,6,595,Identify key information,(240x1/20)+(2x5),37.75,8 15/16 or 8.94,15,Agree,Agree,Agree,Agree,Agree,Disagree,Disagree,Disagree,Disagree,Neutral,Agree,Agree,Neutral,Neutral,Strongly disagree,4,3,Yes,Drafting players,,,,,,Competition with classmates/peers,Adding and subtracting fractions,Multiplying fractions,Solving equations,Order of operations (PEMDAS),Data analysis,Creating graphs,Budget management,Problem solving,,,,,,,,4 7/20 or 4.35,4 1/4 or 4.25,46148,14,6,595,Write an equation,p=240 x (1/20) +2 x 5,36.75,8 15/16 or 8.94,15,Agree,Agree,Agree,Agree,Agree,Neutral,Disagree,Strongly disagree,Disagree,Disagree,Neutral,Neutral,Agree,Agree,Disagree,,1,1,1,1,1,1,0,1,0,1,1,1,1,1,1,1,1,1,1,1,1,1,,0,0,0,0,0,0,1,0,1,0,0,2,0.8181818181818182,1,0.18181818181818177,8,0.8181818181818182,1,0,0,1,0,0,0,1,0,0,0,1,4,4,4,4,4,2,2,2,2,3,4,4,3,3,1,4,4,4,4,4,3,2,1,2,2,3,3,4,4,2,4,4,4,4,3,4,5,4,3.6,3.6,1
1,1,116,19,13999442456.000002,13999442680,Complete,1,8th,Male,,,,,,White,,,Teacher_2,4 7/20 or 4.35,3 3/4 or 3.75,46148,10,6,595,Identify key information,y=240x1/20+2x5,35.75,8 15/16 or 8.94,15,Disagree,Neutral,Disagree,Agree,Neutral,Neutral,Agree,Disagree,Agree,Disagree,Neutral,Neutral,Neutral,Disagree,Disagree,4,4,Yes,Drafting players,Solving math equations,Creating graphs,Checking leaderboards,,Learning about real players,,Adding and subtracting fractions,Multiplying fractions,,Order of operations (PEMDAS),Data analysis,Creating graphs,Budget management,Problem solving,,,,,,,,4 7/20 or 4.35,4 1/4 or 4.25,46148,14,6,595,Write an equation,breaking down the data,35.75,8 15/16 or 8.94,15,Neutral,Agree,Agree,Agree,Neutral,Disagree,Neutral,Disagree,Agree,Agree,Neutral,Neutral,Agree,Neutral,Agree,,1,1,1,1,1,1,0,0,1,1,1,1,1,1,0,1,1,1,1,1,1,1,,0,0,0,-1,0,0,1,1,0,0,0,1,0.8181818181818182,0.9090909090909091,0.09090909090909083,8,0.8181818181818182,0.9090909090909091,0,0,1,0,0,0,0,1,0,0,1,2,3,2,4,3,3,4,2,4,2,3,3,3,2,2,3,4,4,4,3,2,3,2,4,4,3,3,4,3,4,3,2,4,2,4,3,4,2,3.466666666666667,2.6666666666666665,1
1,0,,20,13999442484,13999442837,Complete,1,8th,Male,,,,,,White,,,Teacher_2,4 7/20 or 4.35,3 3/4 or 3.75,46148,14,6,595,Identify key information,120 x 1/20 + 2 x 5,35.75,8 15/16 or 8.94,15,Strongly agree,Strongly agree,Strongly agree,Strongly agree,Strongly agree,Disagree,Strongly disagree,Strongly disagree,Strongly disagree,Agree,Strongly agree,Agree,Agree,Agree,Agree,4,3,Yes,Drafting players,,,,Setting lineups,,Competition with classmates/peers,,Multiplying fractions,Solving equations,,Data analysis,,Budget management,Problem solving,,,,,,,,,,,,,,,,,,,,,,,,,,,,,,,,,,,,,,,,,,,,,,1,1,1,1,1,1,1,0,1,1,1,,1,1,1,1,1,1,1,0,1,1,1,10,,0.9090909090909091,,8,,0.9090909090909091,0,0,1,0,0,0,0,1,0,0,,5,5,5,5,5,2,1,1,1,4,5,4,4,4,4,,,,,,,,,,,,,,,,4,5,5,5,,,,,,4.6,
1,1,138,21,13999442491,13999442924,Complete,1,8th,Female,,,,,,White,,,Teacher_2,4 7/20 or 4.35,3 3/4 or 3.75,46148,14,6,595,Write an equation,1/20x+10=240,35.75,8 15/16 or 8.94,15,Strongly agree,Strongly agree,Strongly agree,Strongly agree,Strongly agree,Neutral,Neutral,Strongly disagree,Disagree,Agree,Agree,Agree,Agree,Agree,Agree,3,4,Yes,,,,,Setting lineups,,Competition with classmates/peers,,Multiplying fractions,,,Data analysis,Creating graphs,Budget management,,,,,,,,,4 7/20 or 4.35,4 1/4 or 4.25,0.8333333333333333,14,12,595,Identify key information,y=1/20x+5,35.75,7 1/2 or 7.50,15,Agree,Agree,Agree,Agree,Agree,Neutral,Disagree,Strongly disagree,Neutral,Neutral,Agree,Agree,Agree,Agree,Neutral,,1,1,1,1,0,1,1,0,1,0,1,1,1,1,1,1,1,0,0,1,1,1,,0,0,0,0,1,0,-1,0,0,1,0,1,0.7272727272727273,0.8181818181818182,0.09090909090909094,8,0.7272727272727273,0.8181818181818182,0,0,1,0,0,0,1,0,0,0,1,5,5,5,5,5,3,3,1,2,4,4,4,4,4,4,4,4,4,4,4,3,2,1,3,3,4,4,4,4,3,3,3,5,4,3,4,5,3,3.8,4.266666666666667,1
1,1,117,22,13999442564,13999443175.999998,Complete,2,8th,Female,,,,,,White,,,Teacher_2,4 7/20 or 4.35,3 3/4 or 3.75,46148,14,6,595,Identify key information,p=(240x1/20)+(2x5),35.75,8 15/16 or 8.94,15,Agree,Neutral,Agree,Agree,Disagree,Agree,Agree,Neutral,Agree,Disagree,Disagree,Agree,Neutral,Neutral,Strongly disagree,4,4,Yes,Drafting players,Solving math equations,,,Setting lineups,Learning about real players,Competition with classmates/peers,Adding and subtracting fractions,Multiplying fractions,Solving equations,Order of operations (PEMDAS),Data analysis,Creating graphs,Budget management,Problem solving,,,,,,,,4 7/20 or 4.35,4 1/4 or 4.25,46148,14,6,595,Identify key information,240/ 1/20+2(5),35.75,8 15/16 or 8.94,15,Neutral,Strongly disagree,Neutral,Disagree,Neutral,Agree,Strongly agree,Strongly agree,Strongly agree,Disagree,Neutral,Disagree,Disagree,Disagree,Strongly disagree,,1,1,1,1,1,1,1,1,1,1,1,1,1,1,1,1,1,1,1,1,1,1,,0,0,0,0,0,0,0,0,0,0,0,0,1,1,0,8,1,1,0,0,1,0,0,0,1,0,0,0,1,4,3,4,4,2,4,4,3,4,2,2,4,3,3,1,3,1,3,2,3,4,5,5,5,2,3,2,2,2,1,2,2,3,2,2,1,1,1,1.9333333333333333,2.7333333333333334,1
1,1,115,23,13999442631.999998,13999443005,Complete,0,8th,Female,,Black or African American,,,,White,,,Teacher_2,4 7/20 or 4.35,3 3/4 or 3.75,46148,14,6,595,Identify key information,(240x1/20)+(5x2),35.75,8 15/16 or 8.94,15,Strongly agree,Strongly agree,Strongly agree,Strongly agree,Strongly agree,Disagree,Disagree,Disagree,Disagree,Strongly agree,Strongly agree,Strongly agree,Strongly agree,Strongly agree,Strongly agree,5,5,Yes,Drafting players,,,Checking leaderboards,Setting lineups,,Competition with classmates/peers,Adding and subtracting fractions,Multiplying fractions,Solving equations,,Data analysis,Creating graphs,Budget management,Problem solving,,,,,,,,4 7/20 or 4.35,4 1/4 or 4.25,46148,14,6,595,Identify key information,1/20x240+5x2,35.75,8 15/16 or 8.94,15,Strongly agree,Strongly agree,Strongly agree,Agree,Strongly agree,Agree,Disagree,Strongly disagree,Strongly disagree,Strongly agree,Strongly agree,Strongly agree,Strongly agree,Strongly agree,Neutral,,1,1,1,1,1,1,1,1,1,1,1,1,1,1,1,1,1,1,1,1,1,1,,0,0,0,0,0,0,0,0,0,0,0,0,1,1,0,8,1,1,0,0,1,0,0,0,1,0,0,0,1,5,5,5,5,5,2,2,2,2,5,5,5,5,5,5,5,5,5,4,5,4,2,1,1,5,5,5,5,5,3,4,4,4,4,2,4,5,5,4.533333333333333,4.733333333333333,1
1,1,118,24,13999442651,13999442835,Complete,0,8th,Male,,,,,,White,,,Teacher_2,4 7/20 or 4.35,3 3/4 or 3.75,46148,14,6,595,Identify key information,(240x1/20)+(5x2),35.75,8 15/16 or 8.94,15,Strongly agree,Strongly agree,Strongly agree,Strongly agree,Strongly agree,Neutral,Disagree,Strongly disagree,Disagree,Agree,Strongly agree,Strongly agree,Strongly agree,Strongly agree,Agree,5,4,Yes,Drafting players,Solving math equations,,Checking leaderboards,Setting lineups,Learning about real players,Competition with classmates/peers,,Multiplying fractions,Solving equations,Order of operations (PEMDAS),Data analysis,Creating graphs,Budget management,Problem solving,,,,,,,,4 7/20 or 4.35,4 1/4 or 4.25,46148,14,6,595,Identify key information,240x1/20+5x2,35.75,8 15/16 or 8.94,15,Strongly agree,Strongly agree,Strongly agree,Strongly agree,Strongly agree,Agree,Strongly disagree,Strongly disagree,Strongly disagree,Neutral,Strongly agree,Agree,Agree,Agree,Strongly agree,,1,1,1,1,1,1,1,1,1,1,1,1,1,1,1,1,1,1,1,1,1,1,,0,0,0,0,0,0,0,0,0,0,0,0,1,1,0,8,1,1,0,0,1,0,0,0,0,1,0,0,1,5,5,5,5,5,3,2,1,2,4,5,5,5,5,4,5,5,5,5,5,4,1,1,1,3,5,4,4,4,5,3,4,5,4,2,5,5,5,4.466666666666667,4.6,1
1,1,113,25,13999442758,13999442915,Complete,1,8th,Male,,,,,,White,,,Teacher_2,4 9/20 or 4.45,3 3/4 or 3.75,46148,14,8,595,Identify key information,240/2+1/20,35.75,7 1/2 or 7.50,13,Agree,Agree,Agree,Agree,Agree,Disagree,Disagree,Disagree,Disagree,Agree,Agree,Agree,Agree,Agree,Agree,4,4,Yes,Drafting players,Solving math equations,Creating graphs,Checking leaderboards,Setting lineups,Learning about real players,Competition with classmates/peers,Adding and subtracting fractions,Multiplying fractions,Solving equations,Order of operations (PEMDAS),Data analysis,Creating graphs,Budget management,Problem solving,,,,,,,,4 7/20 or 4.35,4 1/4 or 4.25,46148,14,36,595,Identify key information,240x1/20+5x2,35.75,8 15/16 or 8.94,15,Agree,Agree,Agree,Agree,Agree,Disagree,Disagree,Disagree,Disagree,Agree,Agree,Agree,Agree,Agree,Agree,,1,1,1,1,0,1,1,1,1,1,1,0,1,1,1,0,1,1,0,1,0,0,,-1,0,0,0,0,0,0,-1,0,-1,-1,-4,0.9090909090909091,0.5454545454545454,-0.36363636363636365,8,0.9090909090909091,0.5454545454545454,0,0,1,0,0,0,0,1,0,0,1,4,4,4,4,4,2,2,2,2,4,4,4,4,4,4,4,4,4,4,4,2,2,2,2,4,4,4,4,4,4,4,4,4,4,4,4,4,4,4,4,1
1,1,133,26,13999442854,13999443390,Complete,2,8th,Male,,Black or African American,,,,,,,Teacher_2,4 7/20 or 4.35,3 3/4 or 3.75,46148,14,8,595,Write an equation,y=240x1/20+2x5,35.75,8 13/16 or 8.81,15,Strongly agree,Strongly agree,Strongly agree,Strongly agree,Strongly agree,Strongly disagree,Strongly disagree,Strongly disagree,Strongly disagree,Strongly agree,Strongly agree,Strongly agree,Strongly agree,Strongly agree,Strongly agree,5,5,Yes,Drafting players,Solving math equations,,Checking leaderboards,,,Competition with classmates/peers,Adding and subtracting fractions,Multiplying fractions,,,,,,,,,,,,,,4 7/20 or 4.35,4 1/4 or 4.25,46148,14,6,595,Identify key information,(240 x 1/20) + (2 x 5),35.75,8 15/16 or 8.94,15,Strongly agree,Strongly agree,Strongly agree,Strongly agree,Strongly agree,Neutral,Disagree,Strongly disagree,Neutral,Strongly agree,Strongly agree,Strongly agree,Strongly agree,Strongly agree,Agree,,1,1,1,1,1,1,1,1,1,1,1,1,1,1,1,0,1,0,1,1,0,1,,0,0,0,0,-1,0,-1,0,0,-1,0,-3,1,0.7272727272727273,-0.2727272727272727,8,1,0.7272727272727273,0,0,1,0,0,0,0,1,0,0,1,5,5,5,5,5,1,1,1,1,5,5,5,5,5,5,5,5,5,5,5,3,2,1,3,5,5,5,5,5,4,5,5,5,5,3,4,5,3,4.6,5,1
1,1,135,27,13999443181,13999443603,Complete,1,8th,Male,,,,,,White,,,Teacher_2,4 7/20 or 4.35,3 3/4 or 3.75,46148,10,6,595,Identify key information,(240 x 1/20) + (2 x 5),35.75,8 15/16 or 8.94,15,Agree,Agree,Agree,Agree,Agree,Neutral,Strongly agree,Neutral,Neutral,Strongly disagree,Agree,Disagree,Agree,Agree,Disagree,4,2,Maybe,Drafting players,,,Checking leaderboards,Setting lineups,,Competition with classmates/peers,,,,,,,Budget management,,,,,,,,,4 7/20 or 4.35,4 1/4 or 4.25,46148,0,0,0,0,0,0,0,0,0,0,0,0,0,0,0,0,0,0,0,0,0,0,0,,1,1,1,0,0,0,0,0,0,0,0,1,1,1,0,1,1,1,1,1,1,1,,0,0,0,0,1,1,1,1,1,1,1,7,0.2727272727272727,0.9090909090909091,0.6363636363636364,8,0.2727272727272727,0.9090909090909091,0,0,1,0,0,0,0,1,0,0,1,4,4,4,4,4,3,5,3,3,1,4,2,4,4,2,,,,,,,,,,,,,,,,3,1,3,3,,,,,,3.1333333333333333,1
1,0,,28,13999443239,13999443290.999998,Partial,1,8th,Male,,,,,,White,,,Teacher_2,,,,,,,,,,,,,,,,,,,,,,,,,,,,,,,,,,,,,,,,,,,,,,,,,,,,,,,,,,,,,,,,,,,,,,,,,,,,,,,,,,,,,,,,,,,,,,,,,,,,,,0,0,0,0,0,0,0,0,0,0,0,0,,,,8,,,0,0,1,0,0,0,0,1,0,0,,,,,,,,,,,,,,,,,,,,,,,,,,,,,,,,,,,,,,,,,,
1,1,120,29,13999443428.999998,13999444538,Complete,1,8th,Male,,,,,,White,,,Teacher_2,3 6/20 or 3.30,3 3/4 or 3.75,46148,14,6,595,Identify key information,240x1/20+2x5,35.75,8 13/16 or 8.81,15,Strongly agree,Strongly agree,Strongly agree,Strongly agree,Strongly agree,Strongly agree,Strongly agree,Strongly agree,Strongly agree,Strongly agree,Strongly agree,Strongly agree,Strongly agree,Strongly agree,Strongly agree,5,5,Yes,Drafting players,Solving math equations,Creating graphs,Checking leaderboards,Setting lineups,Learning about real players,Competition with classmates/peers,Adding and subtracting fractions,Multiplying fractions,Solving equations,Order of operations (PEMDAS),Data analysis,Creating graphs,Budget management,Problem solving,,,,,,,,4 7/20 or 4.35,4 1/4 or 4.25,0.833333333,14,6,595,Identify key information,(240 x 1/20) + (2 x 5),35.75,8 15/16 or 8.94,15,Strongly agree,Strongly agree,Strongly agree,Strongly agree,Strongly agree,Neutral,Agree,Disagree,Disagree,Disagree,Neutral,Neutral,Neutral,Neutral,Neutral,,1,1,1,1,1,1,1,1,1,1,1,0,1,1,1,1,1,1,1,1,0,1,,-1,0,0,0,0,0,0,0,0,-1,0,-2,1,0.8181818181818182,-0.18181818181818177,8,1,0.8181818181818182,0,0,1,0,0,0,0,1,0,0,1,5,5,5,5,5,5,5,5,5,5,5,5,5,5,5,5,5,5,5,5,3,4,2,2,2,3,3,3,3,3,1,1,1,1,3,2,4,4,3.6666666666666665,3.933333333333333,1
1,1,104,30,13999444319,13999445106.000002,Complete,0,7th,Male,,,,,,White,,,Teacher_2,4 7/20 or 4.35,3 3/4 or 3.75,46148,14,6,595,Identify key information,17,35.75,8 15/16 or 8.94,15,Strongly agree,Strongly agree,Strongly agree,Strongly agree,Strongly agree,Strongly disagree,Strongly disagree,Strongly disagree,Strongly disagree,Strongly agree,Strongly agree,Strongly agree,Strongly agree,Strongly agree,Strongly agree,5,5,Maybe,Drafting players,,,Checking leaderboards,Setting lineups,Learning about real players,Competition with classmates/peers,Adding and subtracting fractions,Multiplying fractions,,,Data analysis,,Budget management,,,,,,,,,4 7/20 or 4.35,4 1/4 or 4.25,5/6 or 2/3,14,6,595,Identify key information,240 divided by 20 then 2 times 5,35.75,8 15/16 or 8.94,15,Strongly agree,Strongly agree,Strongly agree,Strongly agree,Strongly agree,Strongly disagree,Strongly disagree,Strongly disagree,Strongly disagree,Strongly agree,Strongly agree,Strongly agree,Strongly agree,Strongly agree,Strongly agree,,1,1,1,1,1,1,1,1,1,1,1,1,1,1,1,1,1,1,0,1,1,1,,0,0,0,0,0,0,0,-1,0,0,0,-1,1,0.9090909090909091,-0.09090909090909094,7,1,0.9090909090909091,0,1,0,0,0,0,0,1,0,0,1,5,5,5,5,5,1,1,1,1,5,5,5,5,5,5,5,5,5,5,5,1,1,1,1,5,5,5,5,5,5,5,5,5,5,5,5,5,5,5,5,1
1,1,102,31,13999444358,13999444897,Complete,1,7th,Male,,,,,,White,,,Teacher_2,4 7/20 or 4.35,3 3/4 or 3.75,46148,14,6,595,Identify key information,(240 x 1/20) + (2 x 5),35.75,8 15/16 or 8.94,15,Strongly agree,Strongly agree,Strongly agree,Strongly agree,Strongly agree,Strongly disagree,Strongly disagree,Strongly disagree,Strongly disagree,Strongly agree,Strongly agree,Strongly agree,Strongly agree,Strongly agree,Strongly agree,5,5,Yes,Drafting players,,,Checking leaderboards,,,Competition with classmates/peers,Adding and subtracting fractions,Multiplying fractions,Solving equations,Order of operations (PEMDAS),,,,,,,,,,,,4 7/20 or 4.35,4 1/4 or 4.25,5/6 or 0.83,10,6,595,Identify key information,1/20 x 240 + 2 x 5,35.75,8 15/16 or 8.94,15,Strongly agree,Strongly agree,Strongly agree,Strongly agree,Strongly agree,Strongly disagree,Strongly disagree,Strongly disagree,Strongly disagree,Strongly agree,Strongly agree,Strongly agree,Strongly agree,Strongly agree,Strongly agree,,1,1,1,0,1,1,1,1,1,1,1,1,1,1,1,1,1,1,1,1,1,1,,0,0,0,1,0,0,0,0,0,0,0,1,0.9090909090909091,1,0.09090909090909094,7,0.9090909090909091,1,0,1,0,0,0,0,0,1,0,0,1,5,5,5,5,5,1,1,1,1,5,5,5,5,5,5,5,5,5,5,5,1,1,1,1,5,5,5,5,5,5,5,5,5,5,5,5,5,5,5,5,1
1,1,130,32,13999444440,13999445802.999998,Complete,4,7th,Male,,Black or African American,,,,,,,Teacher_2,4 7/20 or 4.35,3 3/4 or 3.75,46148,14,6,595,Use order of operations,240+2 times 1/20,143/3,9 1/4 or 9.25,13,Neutral,Neutral,Neutral,Neutral,Neutral,Agree,Agree,Neutral,Neutral,Strongly disagree,Neutral,Neutral,Agree,Strongly disagree,Strongly disagree,5,3,Yes,,,Creating graphs,Checking leaderboards,,,,,Multiplying fractions,,,,,,,,,,,,,,4 7/20 or 4.35,4 1/4 or 4.25,110/132 or 5/6,14,6,595,Identify key information,x divided by y,35 3/4 or 35.75 points,7 1/2 or 7.50,15,Neutral,Neutral,Neutral,Neutral,Neutral,Agree,Strongly disagree,Neutral,Neutral,Strongly disagree,Neutral,Disagree,Agree,Strongly disagree,Strongly disagree,,1,1,1,1,1,1,1,0,1,0,1,1,1,1,1,1,1,0,0,0,0,0,,0,0,0,0,0,0,-1,0,-1,0,-1,-3,0.8181818181818182,0.5454545454545454,-0.2727272727272728,7,0.8181818181818182,0.5454545454545454,0,1,0,0,0,0,0,1,0,0,1,3,3,3,3,3,4,4,3,3,1,3,3,4,1,1,3,3,3,3,3,4,1,3,3,1,3,2,4,1,1,2,2,3,3,2,5,3,3,2.6666666666666665,2.533333333333333,1
1,1,128,33,13999444487.999998,13999445639,Complete,2,7th,Female,,,Hispanic or Latino/a,,,,,,Teacher_2,4 7/20 or 4.35,3 3/4 or 3.75,46148,14,36,595,Identify key information,240x1/20=12,35.75,8 13/16 or 8.81,15,Neutral,Neutral,Neutral,Neutral,Agree,Neutral,Strongly disagree,Strongly disagree,Strongly disagree,Neutral,Agree,Neutral,Neutral,Neutral,Disagree,4,4,Yes,Drafting players,,,,Setting lineups,Learning about real players,Competition with classmates/peers,,Multiplying fractions,Solving equations,,,,Budget management,,,,,,,,,4 7/20 or 4.35,4 1/4 or 4.25,46148,14,12,760,Identify key information,1/20+2=2 1/20,35.75,8 15/16 or 8.94,15,Neutral,Neutral,Neutral,Agree,Neutral,Disagree,Disagree,Disagree,Disagree,Neutral,Neutral,Neutral,Agree,Agree,Neutral,,1,1,1,1,0,0,1,0,1,1,1,1,1,1,1,0,1,1,0,1,0,1,,0,0,0,0,0,1,0,0,0,-1,0,0,0.7272727272727273,0.7272727272727273,0,7,0.7272727272727273,0.7272727272727273,0,1,0,0,0,0,1,0,0,0,1,3,3,3,3,4,3,1,1,1,3,4,3,3,3,2,3,3,3,4,3,2,2,2,2,3,3,3,4,4,3,3,5,5,5,4,4,4,4,3.466666666666667,3.466666666666667,1
1,1,111,34,13999444758,13999445172,Complete,0,7th,Male,,,,,Pacific Islander,,,,Teacher_2,4 9/20 or 4.45,3 3/4 or 3.75,46148,10,6,595,Write an equation,240 x 2 x 5,35.75,8 15/16 or 8.94,13,Strongly agree,Strongly agree,Strongly agree,Strongly agree,Strongly agree,Strongly disagree,Strongly disagree,Strongly disagree,Strongly disagree,Strongly agree,Strongly agree,Strongly agree,Strongly agree,Strongly agree,Strongly agree,5,3,Yes,,,,Checking leaderboards,,,,Adding and subtracting fractions,Multiplying fractions,,,,,,,,,,,,,,4 7/20 or 4.35,4 1/4 or 4.25,46148,14,6,595,Write an equation,240+2/20+5,35.75,8 15/16 or 8.94,15,Strongly agree,Strongly agree,Strongly agree,Strongly agree,Strongly agree,Strongly disagree,Strongly disagree,Strongly disagree,Strongly disagree,Strongly agree,Strongly agree,Strongly agree,Strongly agree,Strongly agree,Strongly agree,,1,1,1,1,1,1,0,0,1,1,1,0,1,1,0,1,1,0,0,1,1,0,,-1,0,0,-1,0,0,0,0,0,0,-1,-3,0.8181818181818182,0.5454545454545454,-0.2727272727272728,7,0.8181818181818182,0.5454545454545454,0,1,0,0,0,0,0,1,0,0,1,5,5,5,5,5,1,1,1,1,5,5,5,5,5,5,5,5,5,5,5,1,1,1,1,5,5,5,5,5,5,5,5,5,5,5,5,5,5,5,5,1
1,1,123,35,13999444759,13999445835,Complete,0,7th,Male,,Black or African American,,,,,,,Teacher_2,4 7/20 or 4.35,3 3/4 or 3.75,46148,10,6,595,Identify key information,240 × 1/20) + (2 × 5),13.5,8 15/16 or 8.94,20,Strongly agree,Strongly agree,Strongly agree,Strongly agree,Strongly agree,Strongly disagree,Strongly disagree,Strongly disagree,Strongly disagree,Strongly agree,Strongly agree,Strongly agree,Strongly agree,Strongly agree,Agree,5,4,Yes,,,,,,,Competition with classmates/peers,,,,,,Creating graphs,Budget management,,,,,,,,,3 6/9 or 3.67,4 1/4 or 4.25,46148,10,6,595,Write an equation,fraction times fraction,35.75,8 15/16 or 8.94,20,Strongly agree,Strongly agree,Strongly agree,Strongly agree,Strongly agree,Strongly disagree,Strongly disagree,Strongly disagree,Strongly disagree,Strongly agree,Strongly agree,Strongly agree,Strongly agree,Strongly agree,Strongly agree,,0,1,1,0,1,1,0,0,1,1,0,1,1,1,0,1,1,1,1,0,1,0,,1,0,0,0,0,0,1,1,-1,0,0,2,0.5454545454545454,0.7272727272727273,0.18181818181818188,7,0.5454545454545454,0.7272727272727273,0,1,0,0,0,0,0,1,0,0,1,5,5,5,5,5,1,1,1,1,5,5,5,5,5,4,5,5,5,5,5,1,1,1,1,5,5,5,5,5,5,5,5,5,5,5,5,5,5,5,4.933333333333334,1
1,1,142,36,13999445357.999998,13999445593,Complete,0,7th,Male,,,,,,White,,,Teacher_2,3 6/9 or 3.67,3 3/4 or 3.75,46148,14,8,695,Use order of operations,200+40,50,8 13/16 or 8.81,15,Disagree,Disagree,Disagree,Disagree,Disagree,Strongly agree,Strongly agree,Strongly agree,Strongly agree,Neutral,Neutral,Neutral,Neutral,Neutral,Neutral,2,2,Maybe,,,,,Setting lineups,,,,Multiplying fractions,,,,,,,,,,,,,,4 7/20 or 4.35,4 1/4 or 4.25,46148,4,6,595,Write an equation,(240 × 1/20 or 240 ÷ 20),0,0,0,0,0,0,0,0,0,0,0,0,0,0,0,0,0,0,,1,1,1,0,1,1,0,0,0,0,0,0,1,1,1,0,0,0,0,0,0,1,,-1,0,0,1,-1,-1,0,0,0,0,1,-1,0.45454545454545453,0.36363636363636365,-0.09090909090909088,7,0.45454545454545453,0.36363636363636365,0,1,0,0,0,0,0,1,0,0,1,2,2,2,2,2,5,5,5,5,3,3,3,3,3,3,,,,,,,,,,,,,,,,1,1,1,1,,,,,,2.1333333333333333,1
1,1,100,37,13999691808,13999945696,Complete,1,7th,Male,,,Hispanic or Latino/a,,,,,,Teacher_2,4 7/20 or 4.35,3 3/4 or 3.75,46148,4,6,595,Write an equation,240times 1/20+{2times5,35.75,8 15/16 or 8.94,15,Strongly agree,Strongly agree,Agree,Agree,Agree,Neutral,Strongly disagree,Strongly disagree,Strongly disagree,Strongly agree,Strongly agree,Strongly agree,Agree,Agree,Neutral,5,4,Yes,Drafting players,Solving math equations,,,,Learning about real players,Competition with classmates/peers,,Multiplying fractions,,Order of operations (PEMDAS),,,,,,,,,,,,4 7/20 or 4.35,4 1/4 or 4.25,46148,10,6,595,Write an equation,240 times 1/20,1555.5,8 15/16 or 8.94,20,Agree,Agree,Neutral,Neutral,Neutral,Neutral,Disagree,Disagree,Strongly disagree,Strongly agree,Agree,Agree,Agree,Agree,Strongly agree,,1,1,1,0,1,1,0,0,0,1,0,1,1,1,0,1,1,0,1,1,1,1,,0,0,0,0,0,0,0,1,1,0,1,3,0.5454545454545454,0.8181818181818182,0.2727272727272728,7,0.5454545454545454,0.8181818181818182,0,1,0,0,0,0,0,1,0,0,1,5,5,4,4,4,3,1,1,1,5,5,5,4,4,3,4,4,3,3,3,3,2,2,1,5,4,4,4,4,5,3,5,5,5,3,4,4,5,3.933333333333333,4.4,1
1,0,,38,13999691865,13999691884.000002,Partial,2,7th,Male,,Black or African American,,,,,,,Teacher_2,,,,,,,,,,,,,,,,,,,,,,,,,,,,,,,,,,,,,,,,,,,,,,,,,,,,,,,,,,,,,,,,,,,,,,,,,,,,,,,,,,,,,,,,,,,,,,,,,,,,,,0,0,0,0,0,0,0,0,0,0,0,0,,,,7,,,0,1,0,0,0,0,0,1,0,0,,,,,,,,,,,,,,,,,,,,,,,,,,,,,,,,,,,,,,,,,,
1,1,127,39,13999692054,13999694642.999998,Complete,2,7th,Male,,Black or African American,,,,,,,Teacher_2,4 7/20 or 4.35,3 3/4 or 3.75,0.38,14,6,595,Identify key information,p=240 1/20 +2x5,12,8 15/16 or 8.94,20,Agree,Agree,Agree,Neutral,Neutral,Neutral,Agree,Disagree,Disagree,Disagree,Neutral,Disagree,Neutral,Neutral,Disagree,4,3,Yes,Drafting players,,,,,,,,,,,,,,Problem solving,,,,,,,,3 6/20 or 3.30,4 1/4 or 4.25,46148,14,6,760,Write an equation,x=1/20,35.75,8 13/16 or 8.81,15,Agree,Agree,Agree,Agree,Strongly agree,Strongly disagree,Neutral,Neutral,Disagree,Neutral,Agree,Disagree,Agree,Neutral,Neutral,,0,1,1,1,1,0,0,0,1,0,1,1,1,0,1,1,1,1,0,0,1,0,,1,0,-1,0,0,1,1,0,-1,1,-1,1,0.5454545454545454,0.6363636363636364,0.09090909090909094,7,0.5454545454545454,0.6363636363636364,0,1,0,0,0,0,0,1,0,0,1,4,4,4,3,3,3,4,2,2,2,3,2,3,3,2,4,4,4,4,5,1,3,3,2,3,4,2,4,3,3,3,2,4,4,5,3,3,4,3.6666666666666665,3.066666666666667,1
1,0,,40,13999694656,13999695127,Partial,2,7th,Male,,Black or African American,,,,,,,Teacher_2,4 7/20 or 4.35,3 3/4 or 3.75,46148,10,8,,,,,,,,,,,,,,,,,,,,,,,,,,,,,,,,,,,,,,,,,,,,,,,,,,,,,,,,,,,,,,,,,,,,,,,,,,,,,,,,,,,,,1,1,1,0,0,0,0,,,,,,1,1,1,0,0,0,0,0,0,0,0,3,,0.42857142857142855,,7,,0.42857142857142855,0,1,0,0,0,0,0,1,0,0,,,,,,,,,,,,,,,,,,,,,,,,,,,,,,,,,,,,,,,,,,
1,1,119,41,13999703980,13999704621,Partial,0,8th,Male,,Black or African American,,,,White,,,Teacher_2,4 7/20 or 4.35,3 3/4 or 3.75,46148,14,36,,,,,,,,,,,,,,,,,,,,,,,,,,,,,,,,,,,,,,,,,,,,,,,4 7/20 or 4.35,4 1/4 or 4.25,46148,14,6,0,0,0,0,0,0,0,0,0,0,0,0,0,0,0,0,0,0,0,0,0,,1,1,1,1,1,0,0,0,0,0,0,1,1,1,1,0,0,0,0,0,0,0,,0,0,0,0,-1,0,0,0,0,0,0,-1,0.45454545454545453,0.36363636363636365,-0.09090909090909088,8,0.45454545454545453,0.36363636363636365,0,0,1,0,0,0,0,1,0,0,1,,,,,,,,,,,,,,,,,,,,,,,,,,,,,,,,,,,,,,,,,1
1,1,125,42,13999778017,13999781084,Complete,1,7th,Female,,,Hispanic or Latino/a,,,,,,Teacher_2,4 7/20 or 4.35,3 3/4 or 3.75,46148,14,6,595,Identify key information,240x1/20+2x5=22,35.75,8 15/16 or 8.94,15,Agree,Agree,Agree,Agree,Agree,Disagree,Neutral,Strongly disagree,Neutral,Neutral,Agree,Neutral,Neutral,Neutral,Neutral,5,5,Yes,Drafting players,,,,Setting lineups,,,Adding and subtracting fractions,Multiplying fractions,,Order of operations (PEMDAS),,,,,,,,,,,,4 7/20 or 4.35,4 1/4 or 4.25,46148,14,6,595,Identify key information,240+1/20*2,35.75,8 15/16 or 8.94,15,Neutral,Neutral,Neutral,Neutral,Neutral,Disagree,Agree,Disagree,Disagree,Neutral,Agree,Agree,Agree,Neutral,Neutral,,1,1,1,1,1,1,1,0,1,1,1,1,1,1,1,1,1,1,1,1,1,1,,0,0,0,0,0,0,0,1,0,0,0,1,0.9090909090909091,1,0.09090909090909094,7,0.9090909090909091,1,0,1,0,0,0,0,1,0,0,0,1,4,4,4,4,4,2,3,1,3,3,4,3,3,3,3,3,3,3,3,3,2,4,2,2,3,4,4,4,3,3,4,3,5,3,4,2,4,4,3.3333333333333335,3.6,1
1,1,124,43,13999778023,13999781219,Complete,2,7th,Male,,Black or African American,,,,,,,Teacher_2,4 7/20 or 4.35,3 3/4 or 3.75,46148,10,6,595,Use order of operations,12,35.75,8 13/16 or 8.81,18,Agree,Agree,Strongly agree,Neutral,Neutral,Disagree,Disagree,Disagree,Disagree,Agree,Strongly agree,Neutral,Agree,Strongly agree,Agree,4,4,Maybe,Drafting players,,,,,Learning about real players,Competition with classmates/peers,Adding and subtracting fractions,Multiplying fractions,Solving equations,,,,,,,,,,,,,4 7/20 or 4.35,4 1/4 or 4.25,46148,10,6,595,Write an equation,240/ 1/20,95.25,8 13/16 or 8.81,15,Agree,Agree,Neutral,Agree,Neutral,Disagree,Disagree,Strongly disagree,Disagree,Neutral,Strongly agree,Neutral,Strongly agree,Strongly agree,Neutral,,1,1,1,0,1,1,0,0,0,0,1,1,1,1,0,1,1,0,0,1,0,0,,0,0,0,0,0,0,0,0,1,0,-1,0,0.5454545454545454,0.5454545454545454,0,7,0.5454545454545454,0.5454545454545454,0,1,0,0,0,0,0,1,0,0,1,4,4,5,3,3,2,2,2,2,4,5,3,4,5,4,4,4,3,4,3,2,2,1,2,3,5,3,5,5,3,4,4,4,4,4,4,5,4,3.933333333333333,4,1
1,1,101,44,13999778395.999998,13999780480.000002,Complete,1,7th,Male,,Black or African American,,,,,,,Teacher_2,4 7/20 or 4.35,3 3/4 or 3.75,46148,10,6,595,Identify key information,P=(240 x 1/20) + (2 x 5),35.75,8 15/16 or 8.94,15,Strongly agree,Strongly agree,Strongly agree,Strongly agree,Strongly agree,Neutral,Neutral,Disagree,Strongly disagree,Agree,Strongly agree,Strongly agree,Agree,Strongly agree,Strongly agree,5,5,Yes,Drafting players,Solving math equations,Creating graphs,Checking leaderboards,Setting lineups,Learning about real players,Competition with classmates/peers,Adding and subtracting fractions,Multiplying fractions,Solving equations,,Data analysis,Creating graphs,Budget management,Problem solving,,,,,,,,4 7/20 or 4.35,4 1/4 or 4.25,46148,10,6,595,Identify key information,240x1/20x5x2,35.75,8 15/16 or 8.94,15,Strongly agree,Strongly agree,Strongly agree,Strongly agree,Strongly agree,Neutral,Agree,Disagree,Disagree,Strongly agree,Strongly agree,Strongly agree,Strongly agree,Strongly agree,Strongly agree,,1,1,1,0,1,1,1,1,1,1,1,1,1,1,0,1,1,1,1,1,1,1,,0,0,0,0,0,0,0,0,0,0,0,0,0.9090909090909091,0.9090909090909091,0,7,0.9090909090909091,0.9090909090909091,0,1,0,0,0,0,0,1,0,0,1,5,5,5,5,5,3,3,2,1,4,5,5,4,5,5,5,5,5,5,5,3,4,2,2,5,5,5,5,5,5,3,3,4,5,3,2,4,4,4.533333333333333,4.533333333333333,1
1,1,143,45,13999784754,13999785216.000002,Complete,1,8th,Female,Asian,,,,,White,,,Teacher_2,4 7/20 or 4.35,3 3/4 or 3.75,46148,14,6,595,Write an equation,12+22,35.75,8 15/16 or 8.94,15,Agree,Strongly agree,Strongly agree,Strongly agree,Strongly agree,Strongly disagree,Strongly disagree,Strongly disagree,Agree,Strongly disagree,Neutral,Disagree,Agree,Agree,Disagree,3,4,Maybe,Drafting players,Solving math equations,Creating graphs,Checking leaderboards,Setting lineups,Learning about real players,Competition with classmates/peers,Adding and subtracting fractions,Multiplying fractions,Solving equations,Order of operations (PEMDAS),Data analysis,Creating graphs,Budget management,Problem solving,,,,,,,,4 7/20 or 4.35,4 1/4 or 4.25,46148,14,6,0,0,0,0,0,0,0,0,0,0,0,0,0,0,0,0,0,0,0,0,0,,1,1,1,1,1,0,0,0,0,0,0,1,1,1,1,1,1,0,0,1,1,1,,0,0,0,0,0,1,0,0,1,1,1,4,0.45454545454545453,0.8181818181818182,0.3636363636363637,8,0.45454545454545453,0.8181818181818182,0,0,1,0,0,0,1,0,0,0,1,4,5,5,5,5,1,1,1,4,1,3,2,4,4,2,,,,,,,,,,,,,,,,5,5,5,2,,,,,,3.8,1
1,1,12,46,13999945352.999998,13999945811,Complete,,6th,Male,,,,,,,,Prefer not to say,Teacher_6,3 6/9 or 3.67,3 1/4 or 3.25,22/20,14,8,585,Identify key information,240 + 2 =1/20,139,8 15/16 or 8.94,13,Neutral,Disagree,Neutral,Agree,Agree,Neutral,Agree,Disagree,Disagree,Neutral,Strongly agree,Agree,Agree,Strongly agree,Strongly disagree,2,4,No,,,,Checking leaderboards,,,,,,,,,Creating graphs,,Problem solving,,,,,,,,4 7/20 or 4.35,4 1/4 or 4.25,22143,14,12,760,Identify key information,I would multiply,216,8 13/16 or 8.81,20,Strongly agree,Neutral,Agree,Strongly agree,Agree,Disagree,Agree,Disagree,Disagree,Neutral,Strongly agree,Agree,Neutral,Strongly agree,Disagree,,1,1,1,1,0,0,1,0,0,0,0,0,0,0,1,0,0,1,0,0,1,0,,-1,-1,-1,0,0,0,0,0,0,1,0,-2,0.45454545454545453,0.2727272727272727,-0.18181818181818182,6,0.45454545454545453,0.2727272727272727,1,0,0,0,0,0,0,1,0,0,1,3,2,3,4,4,3,4,2,2,3,5,4,4,5,1,5,3,4,5,4,2,4,2,2,3,5,4,3,5,2,3,2,4,4,4,2,4,4,3.8,3.4,1
1,1,10,47,13999945390,13999946852.999998,Complete,2,6th,Non-binary,,Black or African American,,,,,,,Teacher_6,4 7/20 or 4.35,4 1/4 or 4.25,46148,14,12,695,Use order of operations,240 x 1/20 x 5,35.75,8 15/16 or 8.94,15,Strongly disagree,Strongly disagree,Strongly disagree,Strongly disagree,Strongly disagree,Neutral,Strongly disagree,Strongly agree,Neutral,Strongly disagree,Neutral,Strongly disagree,Strongly disagree,Strongly disagree,Strongly disagree,3,1,No,Drafting players,,,,Setting lineups,,Competition with classmates/peers,,,,Order of operations (PEMDAS),,,,,,,,,,,,4 7/20 or 4.35,4 1/4 or 4.25,110/132,14,6,695,Use order of operations,i would multiply,117.25,8 15/16 or 8.94,15,Strongly disagree,Strongly disagree,Strongly disagree,Strongly disagree,Strongly disagree,Strongly agree,Strongly disagree,Strongly agree,Agree,Strongly disagree,Neutral,Strongly disagree,Strongly disagree,Strongly disagree,Strongly disagree,,1,1,1,1,1,0,0,0,0,1,1,1,0,1,1,0,0,0,0,1,1,1,,0,-1,0,0,-1,0,0,0,1,0,0,-1,0.6363636363636364,0.5454545454545454,-0.09090909090909094,6,0.6363636363636364,0.5454545454545454,1,0,0,0,0,0,0,0,1,0,1,1,1,1,1,1,3,1,5,3,1,3,1,1,1,1,1,1,1,1,1,5,1,5,4,1,3,1,1,1,1,3,5,1,3,1,5,1,2,1.4666666666666666,1.6666666666666667,1
1,1,201,48,13999945399,13999947156,Complete,2,6th,Non-binary,,Black or African American,,,,,,,Teacher_6,4 7/20 or 4.35,4 1/4 or 4.25,46148,4,12,595,Use order of operations,240 x 1/20 = 12. 2 x 5 = 10.,35.75,9 1/4 or 9.25,15,Strongly agree,Strongly agree,Agree,Neutral,Neutral,Strongly disagree,Neutral,Neutral,Neutral,Neutral,Neutral,Disagree,Neutral,Agree,Strongly disagree,3,3,No,,,,Checking leaderboards,,,Competition with classmates/peers,,Multiplying fractions,,,,Creating graphs,Budget management,,,,,,,,,4 7/20 or 4.35,- 4 1/4 or -4.25,100/132,14,6,695,Identify key information,240-2-1/20,14/5,8 15/16 or 8.94,18,Agree,Agree,Agree,Agree,Agree,Disagree,Disagree,Disagree,Disagree,Strongly agree,Strongly agree,Strongly agree,Strongly agree,Strongly agree,Strongly agree,,1,0,0,1,1,0,1,0,0,1,0,1,0,1,0,0,1,0,0,1,0,1,,0,0,1,-1,-1,1,-1,0,1,-1,1,0,0.45454545454545453,0.45454545454545453,0,6,0.45454545454545453,0.45454545454545453,1,0,0,0,0,0,0,0,1,0,1,5,5,4,3,3,1,3,3,3,3,3,2,3,4,1,4,4,4,4,4,2,2,2,2,5,5,5,5,5,5,5,3,3,3,4,4,4,4,4.4,3.3333333333333335,1
1,1,20,49,13999945399,13999946682.000002,Complete,0,6th,Female,,Black or African American,,,,,,,Teacher_6,4 7/20 or 4.35,3 3/4 or 3.75,46148,14,6,585,Identify key information,1/20x5,33.75,8 15/16 or 8.94,18,Neutral,Neutral,Disagree,Neutral,Disagree,Neutral,Strongly agree,Neutral,Neutral,Neutral,Strongly agree,Strongly agree,Neutral,Disagree,Strongly disagree,3,3,Maybe,Drafting players,,,,,Learning about real players,,Adding and subtracting fractions,Multiplying fractions,Solving equations,,,,,,,,,,,,,4 7/20 or 4.35,- 4 1/4 or -4.25,110/132,14,6,585,Use order of operations,240/2=238/1=5 1/20,35/9 20,8 13/16 or 8.81,15,Neutral,Neutral,Neutral,Neutral,Neutral,Neutral,Agree,Strongly agree,Strongly agree,Neutral,Strongly agree,Agree,Agree,Disagree,Disagree,,1,0,1,1,1,0,0,0,0,0,1,1,1,1,1,1,0,1,0,0,1,0,,0,1,0,0,0,0,1,0,0,1,-1,2,0.45454545454545453,0.6363636363636364,0.18181818181818182,6,0.45454545454545453,0.6363636363636364,1,0,0,0,0,0,1,0,0,0,1,3,3,2,3,2,3,5,3,3,3,5,5,3,2,1,3,3,3,3,3,3,4,5,5,3,5,4,4,2,2,3,1,3,3,3,2,1,1,2.8,2.8,1
1,1,23,50,13999945419,13999947327.000002,Complete,4,6th,Male,,,,,,,,Prefer not to say,Teacher_6,4 9/20 or 4.45,3 3/4 or 3.75,2.5,10,6,695,Identify key information,2x5+240/20,35.75,8 13/16 or 8.81,18,Agree,Strongly agree,Agree,Neutral,Strongly agree,Disagree,Agree,Neutral,Strongly disagree,Strongly disagree,Neutral,Strongly disagree,Strongly agree,Neutral,Disagree,4,1,Maybe,Drafting players,Solving math equations,,,,,Competition with classmates/peers,,Multiplying fractions,,Order of operations (PEMDAS),,,,Problem solving,,,,,,,,4 7/20 or 4.35,- 4 1/4 or -4.25,4.15,10,36,695,Write an equation,240=1/20,35.75,8 15/16 or 8.94,13,Strongly agree,Strongly agree,Strongly agree,Strongly agree,Strongly agree,Strongly agree,Agree,Agree,Strongly disagree,Disagree,Neutral,Disagree,Agree,Agree,Disagree,,1,0,1,0,0,0,0,0,1,1,0,0,1,0,0,1,0,1,1,1,0,0,,-1,1,-1,0,1,0,1,1,0,-1,0,1,0.36363636363636365,0.45454545454545453,0.09090909090909088,6,0.36363636363636365,0.45454545454545453,1,0,0,0,0,0,0,1,0,0,1,4,5,4,3,5,2,4,3,1,1,3,1,5,3,2,5,5,5,5,5,5,4,4,1,2,3,2,4,4,2,4,2,3,5,1,2,2,5,3.466666666666667,3.3333333333333335,1
1,0,,51,13999945417,13999946066,Partial,1,6th,Female,,Black or African American,,,,,,,Teacher_6,4 7/20 or 4.35,3 3/4 or 3.75,110/132,14,6,595,Use order of operations,(240 x 1/20) +(2x5) =22,,,,,,,,,,,,,,,,,,,,,,,,,,,,,,,,,,,,,,,,,,,,,,,,,,,,,,,,,,,,,,,,,,,,,,,,,,,,,,,,,,1,1,1,1,1,1,0,1,,,,,1,1,1,1,1,1,0,1,0,0,0,7,,0.875,,6,,0.875,1,0,0,0,0,0,1,0,0,0,,,,,,,,,,,,,,,,,,,,,,,,,,,,,,,,,,,,,,,,,,
1,1,41,52,13999945443,13999946934.999998,Complete,4,6th,Female,,Black or African American,,,,,,,Teacher_6,4 7/20 or 4.35,3 3/4 or 3.75,46148,14,6,595,Use order of operations,(240 x 1/20)+(2x5)=22,35.75,7 1/2 or 7.50,15,Disagree,Disagree,Disagree,Disagree,Disagree,Neutral,Strongly agree,Strongly agree,Strongly agree,Disagree,Agree,Disagree,Disagree,Disagree,Strongly disagree,1,1,No,,,,,,,Competition with classmates/peers,,,,,,,,Problem solving,,,,,,,,4 7/20 or 4.35,4 1/4 or 4.25,110/132,14,36,760,Identify key information,[240x1/20]+[2x5],35.75,9 1/4 or 9.25,15,Neutral,Neutral,Disagree,Strongly disagree,Neutral,Agree,Neutral,Disagree,Neutral,Neutral,Strongly agree,Neutral,Disagree,Strongly disagree,Disagree,,1,1,1,1,0,0,1,1,1,0,1,1,1,1,1,1,1,0,1,1,0,1,,0,0,0,0,1,1,-1,0,0,0,0,1,0.7272727272727273,0.8181818181818182,0.09090909090909094,6,0.7272727272727273,0.8181818181818182,1,0,0,0,0,0,1,0,0,0,1,2,2,2,2,2,3,5,5,5,2,4,2,2,2,1,3,3,2,1,3,4,3,2,3,3,5,3,2,1,2,3,1,1,1,2,3,4,3,2.6666666666666665,1.9333333333333333,1
1,0,,53,13999945452.999998,13999945666,Partial,3,6th,Female,,,,,,White,,,Teacher_6,4 7/20 or 4.35,3 3/4 or 3.75,46148,14,6,,,,,,,,,,,,,,,,,,,,,,,,,,,,,,,,,,,,,,,,,,,,,,,,,,,,,,,,,,,,,,,,,,,,,,,,,,,,,,,,,,,,,1,1,1,1,1,0,0,,,,,,1,1,1,1,1,0,0,0,0,0,0,5,,0.7142857142857143,,6,,0.7142857142857143,1,0,0,0,0,0,1,0,0,0,,,,,,,,,,,,,,,,,,,,,,,,,,,,,,,,,,,,,,,,,,
1,1,15,54,13999945530.000002,13999947031,Complete,2,6th,Male,,Black or African American,,,,,,,Teacher_6,4 7/20 or 4.35,3 3/4 or 3.75,46148,10,36,595,Use order of operations,240/20 + 5(2) = 22,35.75,8 15/16 or 8.94,15,Agree,Agree,Agree,Neutral,Agree,Neutral,Neutral,Disagree,Disagree,Agree,Agree,Agree,Neutral,Neutral,Agree,5,3,Yes,Drafting players,,,Checking leaderboards,Setting lineups,,Competition with classmates/peers,Adding and subtracting fractions,Multiplying fractions,,Order of operations (PEMDAS),,,Budget management,,,,,,,,,4 7/20 or 4.35,4 1/4 or 4.25,100.7575757576091,10,8,595,Check your answer,213,35.75,7 1/2 or 7.50,13,Agree,Strongly agree,Strongly agree,Agree,Strongly agree,Disagree,Neutral,Strongly disagree,Strongly disagree,Agree,Agree,Agree,Neutral,Neutral,Agree,,1,1,1,0,0,1,0,0,1,0,0,1,1,1,0,0,1,0,1,1,1,1,,0,0,0,0,0,0,0,1,0,1,1,3,0.45454545454545453,0.7272727272727273,0.27272727272727276,6,0.45454545454545453,0.7272727272727273,1,0,0,0,0,0,0,1,0,0,1,4,4,4,3,4,3,3,2,2,4,4,4,3,3,4,4,5,5,4,5,2,3,1,1,4,4,4,3,3,4,3,3,4,4,4,3,5,5,4.133333333333334,3.6666666666666665,1
1,1,,55,13999945581,13999946326,Partial,0,6th,Male,,,,,,White,,,Teacher_6,4 7/20 or 4.35,3 3/4 or 3.75,110/132,14,6,595,Identify key information,(240x1/20)+(2x5),,,,,,,,,,,,,,,,,,,,,,,,,,,,,,,,,,,,,,,,,,,,,,,,,,,,,,,,,,,,,,,,,,,,,,,,,,,,,,,,,,1,1,1,1,1,1,1,1,,,,,1,1,1,1,1,1,1,1,0,0,0,8,,1,,6,,1,1,0,0,0,0,0,0,1,0,0,,,,,,,,,,,,,,,,,,,,,,,,,,,,,,,,,,,,,,,,,,
1,1,16,56,13999945589,13999948049,Complete,7,6th,Male,,Black or African American,,,,,,,Teacher_6,4 7/20 or 4.35,4 1/4 or 4.25,110/132,14,8,760,Use order of operations,because its in order,35.75,7 1/2 or 7.50,15,Strongly agree,Strongly agree,Agree,Strongly agree,Agree,Strongly disagree,Strongly disagree,Strongly disagree,Strongly disagree,Strongly agree,Agree,Agree,Neutral,Strongly agree,Agree,4,4,Yes,,Solving math equations,,,,,,,Multiplying fractions,,,,,,,,,,,,,,4 7/20 or 4.35,4 1/4 or 4.25,10/132,14,12,595,Identify key information,240 minus 1/20,35.75,8 15/16 or 8.94,15,Strongly agree,Strongly agree,Strongly agree,Strongly agree,Strongly agree,Strongly disagree,Neutral,Strongly disagree,Strongly disagree,Strongly agree,Agree,Agree,Strongly agree,Strongly agree,Strongly agree,,1,1,0,1,0,1,1,0,1,1,1,1,0,1,1,0,0,0,0,1,0,1,,0,-1,1,0,0,-1,-1,0,0,-1,0,-3,0.7272727272727273,0.45454545454545453,-0.27272727272727276,6,0.7272727272727273,0.45454545454545453,1,0,0,0,0,0,0,1,0,0,1,5,5,4,5,4,1,1,1,1,5,4,4,3,5,4,5,5,5,5,5,1,3,1,1,5,4,4,5,5,5,5,5,5,5,5,3,5,5,4.733333333333333,4.533333333333333,1
1,0,,57,13999945731.999998,13999945848,Partial,1,6th,Male,,Black or African American,,,,,,,Teacher_6,,,,,,,,,,,,,,,,,,,,,,,,,,,,,,,,,,,,,,,,,,,,,,,,,,,,,,,,,,,,,,,,,,,,,,,,,,,,,,,,,,,,,,,,,,,,,,,,,,,,,,0,0,0,0,0,0,0,0,0,0,0,0,,,,6,,,1,0,0,0,0,0,0,1,0,0,,,,,,,,,,,,,,,,,,,,,,,,,,,,,,,,,,,,,,,,,,
1,1,6,58,13999945761,13999948610.999998,Partial,4,6th,Non-binary,Asian,Black or African American,,,,,,,Teacher_6,4 7/20 or 4.35,3 3/4 or 3.75,5/6 or,14,12,595,Identify key information,240 devided by 1/20,35 3/41`,8 15/16 or 8.94,15,Strongly agree,Strongly agree,Strongly agree,Strongly agree,Strongly agree,Neutral,Strongly disagree,Strongly disagree,Strongly disagree,Disagree,Neutral,Disagree,Agree,Neutral,Agree,3,3,No,,Solving math equations,,,,,,,,,,Data analysis,,,,,,,,,,,3 6/9 or 3.67,4 1/4 or 4.25,0.83,14,6,595,Identify key information,1/20 x 240 + 5 x 2 =,24  3/4,7 1/2 or 7.50,13,Agree,Agree,Neutral,Agree,Neutral,Disagree,Neutral,Disagree,Disagree,Neutral,Neutral,Neutral,Neutral,Neutral,Neutral,,0,1,1,1,1,1,1,1,0,0,0,1,1,1,1,0,1,1,0,0,1,1,,1,0,0,0,-1,0,0,-1,0,1,1,1,0.6363636363636364,0.7272727272727273,0.09090909090909094,6,0.6363636363636364,0.7272727272727273,1,0,0,0,0,0,0,0,1,0,1,5,5,5,5,5,3,1,1,1,2,3,2,4,3,4,4,4,3,4,3,2,3,2,2,3,3,3,3,3,3,3,5,5,5,4,3,4,4,3.4,4.066666666666666,1
1,1,13,59,13999945994,13999946813.999998,Complete,3,6th,Female,,,,,,White,,,Teacher_6,4 7/20 or 4.35,3 3/4 or 3.75,46148,14,6,595,Write an equation,240/20=12 points  2x5=10 points  12+10=22 points,35.75,8 15/16 or 8.94,15,Neutral,Disagree,Neutral,Neutral,Agree,Agree,Agree,Neutral,Disagree,Disagree,Agree,Neutral,Neutral,Neutral,Strongly disagree,3,4,Yes,Drafting players,,,,,Learning about real players,Competition with classmates/peers,Adding and subtracting fractions,Multiplying fractions,Solving equations,,,Creating graphs,Budget management,Problem solving,,,,,,,,4 7/20 or 4.35,4 1/4 or 4.25,110/132    55/66,10,6,595,Identify key information,(240 x 1/20) + (2x5),35.75,8 13/16 or 8.81,15,Disagree,Disagree,Disagree,Neutral,Agree,Neutral,Neutral,Agree,Disagree,Neutral,Agree,Disagree,Neutral,Agree,Disagree,,1,1,1,0,1,1,1,1,1,0,1,1,1,1,1,1,1,0,1,1,1,1,,0,0,0,1,0,0,-1,0,0,1,0,1,0.8181818181818182,0.9090909090909091,0.09090909090909083,6,0.8181818181818182,0.9090909090909091,1,0,0,0,0,0,1,0,0,0,1,3,2,3,3,4,4,4,3,2,2,4,3,3,3,1,2,2,2,3,4,3,3,4,2,3,4,2,3,4,2,2,2,3,4,3,3,2,4,2.8666666666666667,2.8,1
1,1,19,60,13999946010,13999947451,Complete,2,6th,Female,,Black or African American,,,,,,,Teacher_6,4 7/20 or 4.35,- 4 1/4 or -4.25,55/66,14,6,595,Write an equation,240 times 1/20 is 12 5 times 2 is 10 so it is 120,35  3/4,8 13/16 or 8.81,15,Agree,Neutral,Neutral,Agree,Neutral,Neutral,Neutral,Disagree,Neutral,Agree,Neutral,Neutral,Neutral,Agree,Neutral,4,4,Maybe,,Solving math equations,,Checking leaderboards,Setting lineups,,,,Multiplying fractions,,,,Creating graphs,,Problem solving,,,,,,,,4 7/20 or 4.35,4 1/4 or 4.25,110/132,14,6,760,Write an equation,240 multiply 1/20 and 5/20,35.75,8 13/16 or 8.81,13,Agree,Neutral,Neutral,Neutral,Agree,Neutral,Disagree,Disagree,Disagree,Neutral,Agree,Neutral,Agree,Neutral,Neutral,,1,1,1,1,1,0,0,1,1,0,0,1,0,1,1,1,1,0,0,1,0,1,,0,-1,0,0,0,1,0,-1,0,0,1,0,0.6363636363636364,0.6363636363636364,0,6,0.6363636363636364,0.6363636363636364,1,0,0,0,0,0,1,0,0,0,1,4,3,3,4,3,3,3,2,3,4,3,3,3,4,3,4,3,3,3,4,3,2,2,2,3,4,3,4,3,3,3,3,4,3,3,4,4,4,3.466666666666667,3.3333333333333335,1
1,1,5,61,13999946144,13999948467,Partial,1,6th,Male,,Black or African American,,,,,,,Teacher_6,4 9/20 or 4.45,3 3/4 or 3.75,0.83,14,6,695,Identify key information,1/20x240+5x2,35.75,8 13/16 or 8.81,15,Strongly agree,Strongly agree,Strongly agree,Strongly agree,Strongly agree,Strongly agree,Strongly agree,Strongly agree,Strongly agree,Strongly agree,Strongly agree,Strongly agree,Strongly agree,Strongly agree,Strongly agree,5,5,,,,,,,,,,,,,,,,,,,,,,,,4 7/20 or 4.35,- 4 1/4 or -4.25,4.25,10,36,595,Write an equation,240+1/20,alot,7 1/2 or 7.50,13,Disagree,Strongly disagree,Neutral,Neutral,Neutral,Neutral,Neutral,Neutral,Neutral,Neutral,Neutral,Neutral,Neutral,Neutral,Neutral,,1,0,1,0,0,1,0,0,0,0,0,0,1,1,1,1,0,1,1,1,0,1,,-1,1,0,1,1,-1,1,1,1,0,1,5,0.2727272727272727,0.7272727272727273,0.4545454545454546,6,0.2727272727272727,0.7272727272727273,1,0,0,0,0,0,0,1,0,0,1,5,5,5,5,5,5,5,5,5,5,5,5,5,5,5,2,1,3,3,3,3,3,3,3,3,3,3,3,3,3,1,1,1,1,3,3,3,3,2.8,3.933333333333333,1
1,1,11,62,13999946513.999998,13999946901,Complete,1,6th,Female,,Black or African American,,,,,,,Teacher_6,4 7/20 or 4.35,3 3/4 or 3.75,110/132,14,6,595,Use order of operations,(240 x 1/20) +(2x5) =22,35.75,7 1/2 or 7.50,15,Neutral,Disagree,Neutral,Neutral,Agree,Strongly agree,Neutral,Neutral,Neutral,Neutral,Neutral,Neutral,Neutral,Neutral,Neutral,3,3,Maybe,Drafting players,,,,,,,,,,Order of operations (PEMDAS),,,,,,,,,,,,4 7/20 or 4.35,4 1/4 or 4.25,110/132       55/66,14,8,595,Identify key information,(240 x 1/20) + (2 x 5),35.75,8 13/16 or 8.81,15,Neutral,Disagree,Neutral,Disagree,Neutral,Agree,Disagree,Neutral,Neutral,Neutral,Neutral,Neutral,Disagree,Strongly disagree,Strongly disagree,,1,1,1,1,0,1,1,1,1,0,1,1,1,1,1,1,1,0,1,1,0,1,,0,0,0,0,1,0,-1,0,0,0,0,0,0.8181818181818182,0.8181818181818182,0,6,0.8181818181818182,0.8181818181818182,1,0,0,0,0,0,1,0,0,0,1,3,2,3,3,4,5,3,3,3,3,3,3,3,3,3,3,2,3,2,3,4,2,3,3,3,3,3,2,1,1,1,3,3,3,2,4,3,3,2.533333333333333,2.8666666666666667,1
1,1,14,63,13999946835,13999947701,Complete,7,6th,Female,,Black or African American,,,,,,,Teacher_6,4 7/20 or 4.35,3 1/4 or 3.25,110/132,14,6,595,Write an equation,240x1/20+2x5,35.75,8 13/16 or 8.81,15,Neutral,Agree,Neutral,Neutral,Agree,Disagree,Disagree,Neutral,Neutral,Neutral,Agree,Agree,Neutral,Neutral,Disagree,3,3,Maybe,,,Creating graphs,,,,,Adding and subtracting fractions,Multiplying fractions,Solving equations,,,,,Problem solving,,,,,,,,4 7/20 or 4.35,3 3/4 or 3.75,110/132,14,6,760,Write an equation,240/20 x 5,35  3/4,8 13/16 or 8.81,20,Neutral,Neutral,Neutral,Agree,Neutral,Neutral,Neutral,Neutral,Neutral,Neutral,Agree,Agree,Neutral,Neutral,Disagree,,1,0,1,1,1,0,0,0,1,0,0,1,0,1,1,1,1,0,1,1,0,1,,0,0,0,0,0,1,0,1,0,0,1,3,0.45454545454545453,0.7272727272727273,0.27272727272727276,6,0.45454545454545453,0.7272727272727273,1,0,0,0,0,0,1,0,0,0,1,3,4,3,3,4,2,2,3,3,3,4,4,3,3,2,3,3,3,4,3,3,3,3,3,3,4,4,3,3,2,4,4,3,3,3,3,3,3,3.1333333333333333,3.3333333333333335,1
1,0,,64,13999947175.999998,13999947175.999998,Partial,0,,,,,,,,,,,Teacher_6,,,,,,,,,,,,,,,,,,,,,,,,,,,,,,,,,,,,,,,,,,,,,,,,,,,,,,,,,,,,,,,,,,,,,,,,,,,,,,,,,,,,,,,,,,,,,,,,,,,,,,0,0,0,0,0,0,0,0,0,0,0,0,,,,,,,0,0,0,0,0,0,0,0,0,0,,,,,,,,,,,,,,,,,,,,,,,,,,,,,,,,,,,,,,,,,,
1,1,,65,13999948301,13999948575.000002,Partial,2,6th,Male,,Black or African American,,,,,,,Teacher_6,4 7/20 or 4.35,3 3/4 or 3.75,110/132,14,8,,,,,,,,,,,,,,,,,,,,,,,,,,,,,,,,,,,,,,,,,,,,,,,,,,,,,,,,,,,,,,,,,,,,,,,,,,,,,,,,,,,,,1,1,1,1,0,0,0,,,,,,1,1,1,1,0,0,0,0,0,0,0,4,,0.5714285714285714,,6,,0.5714285714285714,1,0,0,0,0,0,0,1,0,0,,,,,,,,,,,,,,,,,,,,,,,,,,,,,,,,,,,,,,,,,,
1,1,38,66,13999949454,13999950745.000002,Complete,1,6th,Female,,Black or African American,,,,,,,Teacher_6,4 7/20 or 4.35,3 3/4 or 3.75,46148,10,8,595,Identify key information,1/20 to 5 points,35.75,9 1/4 or 9.25,20,Agree,Agree,Agree,Neutral,Neutral,Disagree,Neutral,Disagree,Neutral,Neutral,Agree,Agree,Neutral,Neutral,Neutral,4,3,Maybe,Drafting players,,,Checking leaderboards,,Learning about real players,,Adding and subtracting fractions,,,Order of operations (PEMDAS),Data analysis,Creating graphs,Budget management,Problem solving,,,,,,,,4 7/20 or 4.35,3 3/4 or 3.75,5/6 simpified,14,6,595,Identify key information,(240 x 1/20) + (2x5),35.75,8 13/16 or 8.81,15,Agree,Neutral,Neutral,Neutral,Neutral,Strongly disagree,Neutral,Strongly disagree,Disagree,Agree,Neutral,Neutral,Neutral,Agree,Neutral,,1,0,1,1,1,1,1,1,1,0,1,1,1,1,0,0,1,1,0,1,0,0,,0,1,0,-1,-1,0,0,-1,0,0,-1,-3,0.8181818181818182,0.5454545454545454,-0.2727272727272728,6,0.8181818181818182,0.5454545454545454,1,0,0,0,0,0,1,0,0,0,1,4,4,4,3,3,2,3,2,3,3,4,4,3,3,3,4,3,3,3,3,1,3,1,2,4,3,3,3,4,3,4,3,4,3,5,3,5,4,3.533333333333333,3.466666666666667,1
1,1,,67,13999949451.999998,13999951144.999998,Complete,2,6th,Male,,Black or African American,,,,,,,Teacher_6,4 7/20 or 4.35,3 3/4 or 3.75,110/132,14,6,595,Write an equation,4800+25=4825,35/34,8 15/16 or 8.94,15,Neutral,Agree,Strongly agree,Strongly agree,Strongly agree,Strongly agree,Strongly agree,Agree,Strongly agree,Strongly disagree,Strongly agree,Strongly disagree,Strongly agree,Neutral,Strongly disagree,5,3,Yes,Drafting players,,,Checking leaderboards,Setting lineups,,Competition with classmates/peers,Adding and subtracting fractions,Multiplying fractions,Solving equations,Order of operations (PEMDAS),,Creating graphs,,,,,,,,,,,,,,,,,,,,,,,,,,,,,,,,,,,,,,,,,,,,,,,,1,1,1,1,1,1,0,0,0,1,1,,1,1,1,1,1,1,0,0,0,1,1,8,,0.7272727272727273,,6,,0.7272727272727273,1,0,0,0,0,0,0,1,0,0,,3,4,5,5,5,5,5,4,5,1,5,1,5,3,1,,,,,,,,,,,,,,,,1,1,2,1,,,,,,2.8666666666666667,
1,1,30,68,13999949598,13999950254,Complete,3,6th,Female,,Black or African American,,,,White,,,Teacher_6,3 6/20 or 3.30,3 1/4 or 3.25,10,10,36,585,Identify key information,o,24-1-8,7 1/2 or 7.50,20,Neutral,Neutral,Neutral,Neutral,Neutral,Neutral,Neutral,Neutral,Neutral,Neutral,Neutral,Neutral,Neutral,Neutral,Neutral,3,3,Yes,,Solving math equations,Creating graphs,,,,,,Multiplying fractions,Solving equations,Order of operations (PEMDAS),,,,,,,,,,,,4 7/20 or 4.35,4 1/4 or 4.25,110/132 or 55/66,14,6,585,Write an equation,i subtracked the number for all the players,35.75,8 15/16 or 8.94,13,Neutral,Neutral,Neutral,Agree,Neutral,Neutral,Neutral,Neutral,Disagree,Neutral,Neutral,Neutral,Neutral,Neutral,Neutral,,1,1,1,1,1,0,0,0,1,1,0,0,0,0,0,0,0,1,0,0,0,0,,-1,-1,-1,-1,-1,0,1,0,-1,-1,0,-6,0.6363636363636364,0.09090909090909091,-0.5454545454545454,6,0.6363636363636364,0.09090909090909091,1,0,0,0,0,0,1,0,0,0,1,3,3,3,3,3,3,3,3,3,3,3,3,3,3,3,3,3,3,4,3,3,3,3,2,3,3,3,3,3,3,3,3,3,3,3,3,3,4,3.1333333333333333,3,1
1,1,,69,13999949641,13999951296.999998,Complete,0,6th,Female,,,,,,,Other,,Teacher_1,4 7/20 or 4.35,- 4 1/4 or -4.25,46144,14,36,585,Identify key information,240+2=242,120,8 15/16 or 8.94,18,Agree,Disagree,Neutral,Strongly disagree,Agree,Strongly agree,Strongly disagree,Disagree,Agree,Strongly disagree,Disagree,Neutral,Disagree,Neutral,Strongly agree,1,2,Maybe,Drafting players,Solving math equations,,Checking leaderboards,,Learning about real players,,Adding and subtracting fractions,Multiplying fractions,,Order of operations (PEMDAS),,,,Problem solving,,,,,,,,,,,,,,,,,,,,,,,,,,,,,,,,,,,,,,,,,,,,,,1,0,0,1,0,0,1,0,0,1,,,1,0,0,1,0,0,1,0,0,1,0,4,,0.4,,6,,0.4,1,0,0,0,0,0,1,0,0,0,,4,2,3,1,4,5,1,2,4,1,2,3,2,3,5,,,,,,,,,,,,,,,,1,5,4,2,,,,,,2.8,
1,1,34,70,13999949666,13999952410.999998,Complete,1,6th,Female,,Black or African American,,,,,,,Teacher_6,4 7/20 or 4.35,3 3/4 or 3.75,110/132 or 55/66 or 5/6,10,6,595,Write an equation,(1/20x240)+(5x2)=22,35.75,8 15/16 or 8.94,15,Agree,Strongly agree,Agree,Agree,Strongly agree,Disagree,Neutral,Strongly disagree,Strongly disagree,Strongly agree,Strongly agree,Strongly agree,Agree,Agree,Neutral,4,4,Yes,Drafting players,,,,,,,,,Solving equations,,,,,,,,,,,,,3 6/9 or 3.67,4 1/4 or 4.25,110/132,10,6,595,Identify key information,(1/20*240)+10,35  3/4,8 15/16 or 8.94,13,Agree,Agree,Agree,Agree,Agree,Agree,Agree,Strongly agree,Strongly agree,Strongly agree,Strongly agree,Strongly agree,Agree,Neutral,Agree,,0,1,1,0,1,1,1,1,1,1,0,1,1,1,0,1,1,0,1,1,1,1,,1,0,0,0,0,0,-1,0,0,0,1,1,0.7272727272727273,0.8181818181818182,0.09090909090909094,6,0.7272727272727273,0.8181818181818182,1,0,0,0,0,0,1,0,0,0,1,4,5,4,4,5,2,3,1,1,5,5,5,4,4,3,4,4,4,4,4,4,4,5,5,5,5,5,4,3,4,4,3,5,5,2,2,1,1,3.466666666666667,4.333333333333333,1
1,1,32,71,13999949693,13999950931,Complete,,6th,Male,,Black or African American,,,,,,,Teacher_6,4 7/20 or 4.35,3 3/4 or 3.75,46148,14,12,585,Identify key information,480,o,8 15/16 or 8.94,15,Strongly agree,Strongly agree,Strongly agree,Strongly agree,Strongly agree,Strongly agree,Strongly agree,Strongly agree,Agree,Agree,Agree,Agree,Agree,Agree,Neutral,5,5,Yes,,,,,,,Competition with classmates/peers,Adding and subtracting fractions,,,,,,,,,,,,,,,4 7/20 or 4.35,4 1/4 or 4.25,110/132 or 55/66 or 5/6,14,36,695,Identify key information,240 x 1/20 + 2 x 5,35.75,8 13/16 or 8.81,15,Strongly agree,Strongly agree,Strongly agree,Strongly agree,Strongly agree,Strongly agree,Strongly agree,Strongly agree,Strongly agree,Agree,Neutral,Strongly agree,Agree,Strongly agree,Agree,,1,1,1,1,0,0,1,1,1,0,1,1,1,1,1,0,0,1,0,0,1,1,,0,0,0,0,0,0,0,-1,-1,1,0,-1,0.7272727272727273,0.6363636363636364,-0.09090909090909094,6,0.7272727272727273,0.6363636363636364,1,0,0,0,0,0,0,1,0,0,1,5,5,5,5,5,5,5,5,4,4,4,4,4,4,3,5,5,5,5,5,5,5,5,5,4,3,5,4,5,4,1,1,1,2,1,1,1,1,3.6,3.533333333333333,1
1,1,39,72,13999949720,13999953079.999998,Complete,4,6th,Female,,Black or African American,,,,,,,Teacher_6,4 7/20 or 4.35,- 4 1/4 or -4.25,110/132,10,36,595,Check your answer,240 2 1/20,129/5/8,8 15/16 or 8.94,20,Neutral,Strongly disagree,Agree,Strongly disagree,Strongly agree,Neutral,Strongly disagree,Agree,Strongly disagree,Disagree,Neutral,Disagree,Neutral,Strongly agree,Neutral,4,3,Yes,,Solving math equations,,,,,,,Multiplying fractions,,,,,,,,,,,,,,4 7/20 or 4.35,4 1/4 or 4.25,46148,14,8,695,Use order of operations,240=1/20,35.75,8 15/16 or 8.94,20,Disagree,Strongly disagree,Agree,Neutral,Strongly agree,Strongly agree,Strongly disagree,Strongly agree,Strongly disagree,Strongly disagree,Agree,Strongly disagree,Strongly disagree,Strongly disagree,Strongly disagree,,1,1,1,1,0,0,0,0,1,1,0,1,0,1,0,0,1,0,0,0,1,0,,0,-1,0,-1,0,1,0,0,-1,0,0,-2,0.5454545454545454,0.36363636363636365,-0.18181818181818177,6,0.5454545454545454,0.36363636363636365,1,0,0,0,0,0,1,0,0,0,1,3,1,4,1,5,3,1,4,1,2,3,2,3,5,3,2,1,4,3,5,5,1,5,1,1,4,1,1,1,1,3,5,2,5,1,5,1,5,2.4,3.1333333333333333,1
1,1,31,73,13999950557.999998,13999951285.999998,Complete,1,6th,Female,,,,,,,Other,,Teacher_6,4 7/20 or 4.35,3 3/4 or 3.75,0.83333333333,10,6,595,Use order of operations,22,4,7 1/2 or 7.50,13,Neutral,Agree,Neutral,Disagree,Neutral,Neutral,Strongly agree,Disagree,Strongly agree,Agree,Strongly agree,Neutral,Disagree,Agree,Strongly disagree,5,4,Yes,Drafting players,Solving math equations,,,,,Competition with classmates/peers,Adding and subtracting fractions,Multiplying fractions,Solving equations,Order of operations (PEMDAS),,,Budget management,Problem solving,,,,,,,,4 7/20 or 4.35,4 1/4 or 4.25,110/132,10,36,695,Identify key information,Use multitply,117.25,8 15/16 or 8.94,20,Strongly agree,Neutral,Disagree,Neutral,Strongly disagree,Disagree,Neutral,Disagree,Agree,Neutral,Agree,Disagree,Agree,Strongly agree,Strongly disagree,,1,1,1,0,0,0,1,0,0,1,0,1,1,1,0,1,1,0,1,0,0,0,,0,0,0,0,1,1,-1,1,0,-1,0,1,0.45454545454545453,0.5454545454545454,0.09090909090909088,6,0.45454545454545453,0.5454545454545454,1,0,0,0,0,0,1,0,0,0,1,3,4,3,2,3,3,5,2,5,4,5,3,2,4,1,5,3,2,3,1,2,3,2,4,3,4,2,4,5,1,3,1,4,1,4,3,4,2,3.066666666666667,2.8666666666666667,1
1,1,,74,13999950771.000002,13999951577,Partial,1,6th,Female,,Black or African American,,,,,Other,,Teacher_6,4 7/20 or 4.35,3 3/4 or 3.75,0,8,6,595,Identify key information,i dont know,,,,,,,,,,,,,,,,,,,,,,,,,,,,,,,,,,,,,,,,,,,,,,,,,,,,,,,,,,,,,,,,,,,,,,,,,,,,,,,,,,1,1,0,0,1,1,1,0,,,,,1,1,0,0,1,1,1,0,0,0,0,5,,0.625,,6,,0.625,1,0,0,0,0,0,1,0,0,0,,,,,,,,,,,,,,,,,,,,,,,,,,,,,,,,,,,,,,,,,,
1,1,,75,13999950927.999998,13999951551,Complete,0,6th,Female,,,,,,White,,,Teacher_6,4 7/20 or 4.35,3 3/4 or 3.75,46148,14,6,595,Write an equation,(1/20 * 240) + (2 * 5),33.75,8 15/16 or 8.94,15,Strongly agree,Strongly agree,Agree,Neutral,Agree,Disagree,Disagree,Disagree,Disagree,Agree,Agree,Agree,Neutral,Neutral,Disagree,4,3,Yes,Drafting players,,,,,,Competition with classmates/peers,,Multiplying fractions,,Order of operations (PEMDAS),Data analysis,Creating graphs,,,,,,,,,,,,,,,,,,,,,,,,,,,,,,,,,,,,,,,,,,,,,,,,1,1,1,1,1,1,0,1,0,1,1,,1,1,1,1,1,1,0,1,0,1,1,9,,0.8181818181818182,,6,,0.8181818181818182,1,0,0,0,0,0,1,0,0,0,,5,5,4,3,4,2,2,2,2,4,4,4,3,3,2,,,,,,,,,,,,,,,,4,4,4,4,,,,,,3.8,
1,1,47,76,13999951255.000002,13999952149.999998,Complete,6,6th,Female,,Black or African American,,,,,,,Teacher_6,4 7/20 or 4.35,3 3/4 or 3.75,3 3/4 or 3.75,4,6,585,Use order of operations,240-1-1/20,5,8 13/16 or 8.81,13,Neutral,Neutral,Neutral,Agree,Neutral,Neutral,Neutral,Neutral,Neutral,Agree,Neutral,Agree,Neutral,Agree,Neutral,4,5,Maybe,,,Creating graphs,,,,,Adding and subtracting fractions,Multiplying fractions,,,,,,,,,,,,,,4 7/20 or 4.35,- 4 1/4 or -4.25,0.833333333,10,12,585,Check your answer,213,35.75,8 15/16 or 8.94,13,Agree,Agree,Agree,Agree,Neutral,Neutral,Agree,Neutral,Neutral,Strongly agree,Agree,Agree,Agree,Neutral,Neutral,,1,0,1,0,0,0,0,0,1,1,0,1,1,0,0,1,0,0,0,0,0,0,,0,1,-1,0,1,0,0,0,-1,-1,0,-1,0.36363636363636365,0.2727272727272727,-0.09090909090909094,6,0.36363636363636365,0.2727272727272727,1,0,0,0,0,0,1,0,0,0,1,3,3,3,4,3,3,3,3,3,4,3,4,3,4,3,4,4,4,4,3,3,4,3,3,5,4,4,4,3,3,3,3,3,3,3,2,3,3,3.533333333333333,3.2666666666666666,1
1,1,,77,13999952034,13999952051,Partial,3,8th,Male,,Black or African American,,,,,,,Teacher_3,,,,,,,,,,,,,,,,,,,,,,,,,,,,,,,,,,,,,,,,,,,,,,,,,,,,,,,,,,,,,,,,,,,,,,,,,,,,,,,,,,,,,,,,,,,,,,,,,,,,,,0,0,0,0,0,0,0,0,0,0,0,0,,,,8,,,0,0,1,0,0,0,0,1,0,0,,,,,,,,,,,,,,,,,,,,,,,,,,,,,,,,,,,,,,,,,,
1,0,,78,13999952909,13999952909,Partial,3,,,,,,,,,,,Teacher_6,,,,,,,,,,,,,,,,,,,,,,,,,,,,,,,,,,,,,,,,,,,,,,,,,,,,,,,,,,,,,,,,,,,,,,,,,,,,,,,,,,,,,,,,,,,,,,,,,,,,,,0,0,0,0,0,0,0,0,0,0,0,0,,,,,,,0,0,0,0,0,0,0,0,0,0,,,,,,,,,,,,,,,,,,,,,,,,,,,,,,,,,,,,,,,,,,
1,1,37,79,13999952952,13999953740,Partial,5,6th,Female,,Black or African American,,,,,,,Teacher_6,3 6/9 or 3.67,- 4 1/4 or -4.25,55/66,14,6,585,Identify key information,by mutiplying,35(3/4),8 15/16 or 8.94,15,Agree,Neutral,Neutral,Disagree,Agree,Disagree,Neutral,Strongly disagree,Neutral,Neutral,Neutral,Disagree,Agree,Agree,Neutral,4,5,,,,,,,,,,,,,,,,,,,,,,,,4 7/20 or 4.35,4 1/4 or 4.25,110/132,14,12,695,Identify key information,by dividing,35.75,8 15/16 or 8.94,15,Agree,Neutral,Neutral,Disagree,Agree,Neutral,Strongly agree,Strongly agree,Neutral,Agree,Agree,Disagree,Neutral,Agree,Neutral,,1,1,1,1,0,0,1,0,1,1,1,0,0,1,1,1,0,1,0,1,1,1,,-1,-1,0,0,1,0,0,0,0,0,0,-1,0.7272727272727273,0.6363636363636364,-0.09090909090909094,6,0.7272727272727273,0.6363636363636364,1,0,0,0,0,0,1,0,0,0,1,4,3,3,2,4,2,3,1,3,3,3,2,4,4,3,4,3,3,2,4,3,5,5,3,4,4,2,3,4,3,4,3,5,3,3,1,1,3,2.933333333333333,3.3333333333333335,1
1,1,202,80,13999953009.999998,13999953959.999998,Complete,3,6th,Male,,Black or African American,,,,White,,,Teacher_6,4 7/20 or 4.35,3 3/4 or 3.75,110/132,14,8,695,Identify key information,tds:2 passing yards: 240,35.75,8 15/16 or 8.94,15,Strongly agree,Agree,Disagree,Neutral,Neutral,Disagree,Agree,Disagree,Disagree,Neutral,Agree,Agree,Disagree,Disagree,Neutral,5,5,Yes,Drafting players,Solving math equations,,,Setting lineups,Learning about real players,Competition with classmates/peers,Adding and subtracting fractions,,Solving equations,,,,,Problem solving,,,,,,,,4 7/20 or 4.35,4 1/4 or 4.25,110/132,14,8,695,Use order of operations,passing yards:240 tds:2,35.75,8 15/16 or 8.94,15,Agree,Agree,Disagree,Disagree,Neutral,Disagree,Strongly agree,Neutral,Strongly agree,Neutral,Disagree,Agree,Disagree,Disagree,Agree,,1,1,1,1,0,0,0,0,1,1,1,1,1,1,1,0,0,1,0,1,1,1,,0,0,0,0,0,0,1,0,0,0,0,1,0.6363636363636364,0.7272727272727273,0.09090909090909094,6,0.6363636363636364,0.7272727272727273,1,0,0,0,0,0,0,1,0,0,1,5,4,2,3,3,2,4,2,2,3,4,4,2,2,3,4,4,2,2,3,2,5,3,5,3,2,4,2,2,4,4,2,4,4,4,1,3,1,2.7333333333333334,3.2666666666666666,1
1,1,33,81,13999953364,13999953627.999998,Complete,3,6th,Male,,,,,,White,,,Teacher_6,4 7/20 or 4.35,3 1/4 or 3.25,5,14,12,695,Use order of operations,5x5,566,9 1/4 or 9.25,15,Strongly disagree,Disagree,Neutral,Agree,Strongly agree,Strongly agree,Strongly agree,Strongly agree,Strongly agree,Strongly disagree,Strongly disagree,Strongly disagree,Strongly disagree,Strongly disagree,Strongly disagree,3,5,Yes,Drafting players,,,,,,,,,Solving equations,,,,,,,,,,,,,3 6/9 or 3.67,- 4 1/4 or -4.25,110 OVER 132,14,36,595,Check your answer,2 4 6 8 10 12,0,7 1/2 or 7.50,20,Agree,Agree,Agree,Agree,Agree,Agree,Agree,Agree,Agree,Agree,Agree,Agree,Agree,Agree,Agree,,0,0,1,1,0,1,0,0,0,0,0,1,0,0,1,0,0,0,0,0,0,1,,1,0,-1,0,0,-1,0,0,0,0,1,0,0.2727272727272727,0.2727272727272727,0,6,0.2727272727272727,0.2727272727272727,1,0,0,0,0,0,0,1,0,0,1,1,2,3,4,5,5,5,5,5,1,1,1,1,1,1,4,4,4,4,4,4,4,4,4,4,4,4,4,4,4,1,1,1,1,2,2,2,2,3.466666666666667,1.6666666666666667,1
1,0,,82,13999953478.000002,13999953837,Partial,0,6th,Male,,Black or African American,,,,,,,Teacher_6,4 7/20 or 4.35,3 3/4 or 3.75,3,,,,,,,,,,,,,,,,,,,,,,,,,,,,,,,,,,,,,,,,,,,,,,,,,,,,,,,,,,,,,,,,,,,,,,,,,,,,,,,,,,,,,,,1,1,0,0,0,0,0,,,,,,1,1,0,0,0,0,0,0,0,0,0,2,,0.2857142857142857,,6,,0.2857142857142857,1,0,0,0,0,0,0,1,0,0,,,,,,,,,,,,,,,,,,,,,,,,,,,,,,,,,,,,,,,,,,
1,1,8,83,14000035519,14000036956,Complete,5,6th,Female,,,,,,,Other,,Teacher_6,4 7/20 or 4.35,3 3/4 or 3.75,46307,14,6,595,Identify key information,240-2-1/20,12,7 1/2 or 7.50,13,Strongly disagree,Strongly agree,Strongly disagree,Strongly agree,Neutral,Neutral,Neutral,Agree,Disagree,Agree,Agree,Agree,Agree,Agree,Disagree,3,1,Maybe,Drafting players,,,Checking leaderboards,,,,,Multiplying fractions,,,,,,,,,,,,,,4 7/20 or 4.35,4 1/4 or 4.25,110/132,14,12,760,Write an equation,240 x 1/20 + 2 x 5,35.75,7 1/2 or 7.50,15,Agree,Agree,Neutral,Neutral,Disagree,Neutral,Neutral,Disagree,Agree,Neutral,Neutral,Neutral,Agree,Neutral,Neutral,,1,1,1,1,0,0,0,1,1,0,1,1,1,1,1,1,1,1,0,0,0,0,,0,0,0,0,1,1,1,-1,-1,0,-1,0,0.6363636363636364,0.6363636363636364,0,6,0.6363636363636364,0.6363636363636364,1,0,0,0,0,0,1,0,0,0,1,1,5,1,5,3,3,3,4,2,4,4,4,4,4,2,4,4,3,3,2,3,3,2,4,3,3,3,4,3,3,3,3,2,4,3,3,4,2,3.1333333333333333,3.2666666666666666,1
1,1,21,84,14000035802.999998,14000037302.999998,Partial,2,6th,Male,,Black or African American,,,,,,,Teacher_6,4 7/20 or 4.35,3 3/4 or 3.75,112,10,12,585,Use order of operations,2x6,over  30,8 13/16 or 8.81,20,Strongly agree,Strongly disagree,Strongly agree,Disagree,Strongly agree,Strongly disagree,Strongly agree,Disagree,Agree,Strongly agree,Agree,Strongly agree,Agree,Agree,Neutral,3,3,,,,,,,,,,,,,,,,,,,,,,,,4 7/20 or 4.35,4 1/4 or 4.25,100/110,4,8,585,Identify key information,1/120,35.75,8 15/16 or 8.94,13,Strongly agree,Agree,Strongly agree,Strongly agree,Agree,Strongly agree,Agree,Strongly agree,Agree,Strongly agree,Strongly agree,Agree,Agree,Agree,Strongly agree,,1,1,0,0,0,0,1,0,1,1,0,1,1,0,0,0,0,0,0,0,0,0,,0,0,0,0,0,0,-1,0,-1,-1,0,-3,0.45454545454545453,0.18181818181818182,-0.2727272727272727,6,0.45454545454545453,0.18181818181818182,1,0,0,0,0,0,0,1,0,0,1,5,1,5,2,5,1,5,2,4,5,4,5,4,4,3,5,4,5,5,4,5,4,5,4,5,5,4,4,4,5,5,1,4,2,1,2,1,2,3.7333333333333334,3.6666666666666665,1
1,1,52,85,14000283075,14000283591,Complete,0,8th,Male,Asian,,,,,,,,Teacher_3,4 7/20 or 4.35,3 3/4 or 3.75,46148,14,12,595,Write an equation,240 * 1/20 +5 * 2,35.75,8 15/16 or 8.94,15,Strongly agree,Strongly agree,Strongly agree,Strongly agree,Strongly agree,Strongly disagree,Strongly disagree,Strongly disagree,Strongly disagree,Agree,Strongly agree,Strongly agree,Strongly agree,Strongly agree,Strongly agree,3,3,Maybe,,,,Checking leaderboards,Setting lineups,Learning about real players,Competition with classmates/peers,Adding and subtracting fractions,Multiplying fractions,Solving equations,Order of operations (PEMDAS),Data analysis,Creating graphs,,,,,,,,,,4 7/20 or 4.35,4 1/4 or 4.25,46148,14,6,595,Write an equation,240x1/20+5x2,35.75,8 15/16 or 8.94,15,Strongly agree,Strongly agree,Strongly agree,Agree,Strongly agree,Strongly disagree,Strongly disagree,Strongly disagree,Strongly disagree,Strongly agree,Strongly agree,Strongly agree,Agree,Neutral,Strongly agree,,1,1,1,1,1,1,0,1,1,1,1,1,1,1,1,0,1,0,0,1,1,1,,0,0,0,0,-1,0,0,-1,0,0,0,-2,0.9090909090909091,0.7272727272727273,-0.18181818181818177,8,0.9090909090909091,0.7272727272727273,0,0,1,0,0,0,0,1,0,0,1,5,5,5,5,5,1,1,1,1,4,5,5,5,5,5,5,5,5,4,5,1,1,1,1,5,5,5,4,3,5,5,5,5,5,5,5,5,5,4.733333333333333,4.933333333333334,1
1,1,71,86,14000283598,14000284482.000002,Complete,1,8th,Female,,Black or African American,,,,,,,Teacher_3,4 7/20 or 4.35,3 3/4 or 3.75,110/132 or 1.2,14,6,595,Identify key information,.05(240) + 2(5),35.75,8 15/16 or 8.94,15,Strongly agree,Strongly agree,Agree,Agree,Strongly agree,Strongly disagree,Disagree,Disagree,Disagree,Agree,Agree,Agree,Strongly agree,Strongly agree,Neutral,2,1,No,,,,Checking leaderboards,Setting lineups,,,,Multiplying fractions,,,,,Budget management,Problem solving,,,,,,,,4 7/20 or 4.35,4 1/4 or 4.25,110/132,14,6,595,Write an equation,5+x1=20,35.75,8 13/16 or 8.81,20,Strongly agree,Strongly agree,Strongly agree,Strongly agree,Neutral,Disagree,Disagree,Disagree,Neutral,Neutral,Agree,Agree,Strongly agree,Strongly agree,Agree,,1,1,1,1,1,1,0,0,1,0,0,1,1,1,1,1,1,1,1,1,1,1,,0,0,0,0,0,0,1,1,0,1,1,4,0.6363636363636364,1,0.36363636363636365,8,0.6363636363636364,1,0,0,1,0,0,0,1,0,0,0,1,5,5,4,4,5,1,2,2,2,4,4,4,5,5,3,5,5,5,5,3,2,2,2,3,3,4,4,5,5,4,5,4,4,4,4,4,4,3,4.2,4.333333333333333,1
1,1,60,87,14000283642.000002,14000284354.999998,Complete,1,8th,Male,Asian,,,,,,,,Teacher_3,4 7/20 or 4.35,3 3/4 or 3.75,46148,14,6,595,Identify key information,(240*1/20)+(2*5),35.75,8 15/16 or 8.94,15,Agree,Agree,Agree,Agree,Agree,Strongly disagree,Strongly disagree,Strongly disagree,Strongly disagree,Agree,Agree,Agree,Agree,Agree,Neutral,2,2,No,,,,,Setting lineups,,,Adding and subtracting fractions,Multiplying fractions,Solving equations,Order of operations (PEMDAS),,,,,,,,,,,,4 7/20 or 4.35,4 1/4 or 4.25,46148,14,6,595,Identify key information,(240 x 1/20) + (2 x 5),35.75,8 15/16 or 8.94,15,Agree,Agree,Agree,Agree,Agree,Disagree,Disagree,Disagree,Disagree,Neutral,Agree,Agree,Neutral,Agree,Neutral,,1,1,1,1,1,1,1,1,1,1,1,1,1,1,1,1,1,1,1,1,1,1,,0,0,0,0,0,0,0,0,0,0,0,0,1,1,0,8,1,1,0,0,1,0,0,0,0,1,0,0,1,4,4,4,4,4,1,1,1,1,4,4,4,4,4,3,4,4,4,4,4,2,2,2,2,3,4,4,3,4,3,5,5,5,5,4,4,4,4,3.8,4.2,1
1,1,62,88,14000283651,14000284554,Complete,1,8th,Male,,,Hispanic or Latino/a,,,,,,Teacher_3,4 7/20 or 4.35,3 3/4 or 3.75,0.83,10,6,595,Identify key information,240x1/20+5x2,35.5,9 1/4 or 9.25,15,Disagree,Disagree,Neutral,Disagree,Disagree,Agree,Neutral,Neutral,Disagree,Disagree,Disagree,Neutral,Neutral,Neutral,Disagree,3,3,Maybe,Drafting players,Solving math equations,,,,,,Adding and subtracting fractions,,,,,,,,,,,,,,,3 6/20 or 3.30,4 1/4 or 4.25,110/122,10,12,595,Identify key information,calculater,351/6,8 13/16 or 8.81,13,Neutral,Disagree,Disagree,Neutral,Disagree,Agree,Agree,Neutral,Neutral,Disagree,Disagree,Neutral,Agree,Neutral,Disagree,,0,1,0,0,0,1,1,0,0,0,0,1,1,1,0,1,1,1,1,0,0,1,,1,0,1,0,1,0,0,1,0,0,1,5,0.2727272727272727,0.7272727272727273,0.4545454545454546,8,0.2727272727272727,0.7272727272727273,0,0,1,0,0,0,0,1,0,0,1,2,2,3,2,2,4,3,3,2,2,2,3,3,3,2,3,2,2,3,2,4,4,3,3,2,2,3,4,3,2,2,3,3,4,2,2,3,3,2.533333333333333,2.533333333333333,1
1,1,51,89,14000283721,14000284270.000002,Complete,7,8th,Male,,,Hispanic or Latino/a,,,,,,Teacher_3,4 7/20 or 4.35,3 3/4 or 3.75,20/12,10,6,585,Use order of operations,hjbdsckjscai,500,8 15/16 or 8.94,18,Strongly agree,Strongly agree,Strongly agree,Strongly agree,Strongly agree,Strongly agree,Strongly agree,Strongly agree,Strongly agree,Strongly agree,Strongly agree,Strongly agree,Strongly agree,Strongly agree,Strongly agree,5,5,Yes,,,,Checking leaderboards,,,,,,,Order of operations (PEMDAS),,,,,,,,,,,,4 7/20 or 4.35,4 1/4 or 4.25,0.83,10,6,595,Use order of operations,use order of operations,35.75,8 15/16 or 8.94,18,Neutral,Neutral,Agree,Agree,Agree,Disagree,Neutral,Strongly disagree,Strongly disagree,Neutral,Neutral,Neutral,Neutral,Neutral,Neutral,,1,1,1,0,1,1,0,0,1,1,0,1,1,1,0,1,0,0,0,0,1,0,,0,0,0,0,0,-1,0,0,-1,0,0,-2,0.6363636363636364,0.45454545454545453,-0.18181818181818182,8,0.6363636363636364,0.45454545454545453,0,0,1,0,0,0,0,1,0,0,1,5,5,5,5,5,5,5,5,5,5,5,5,5,5,5,3,3,4,4,4,2,3,1,1,3,3,3,3,3,3,1,1,1,1,4,3,5,5,3.533333333333333,3.933333333333333,1
1,1,70,90,14000283803.999998,14000285060,Complete,2,8th,Male,,Black or African American,,,,,,,Teacher_3,4 7/20 or 4.35,3 3/4 or 3.75,110/132,4,6,595,Identify key information,22,35.75,8 15/16 or 8.94,15,Agree,Neutral,Agree,Agree,Agree,Disagree,Disagree,Strongly disagree,Disagree,Neutral,Neutral,Agree,Strongly agree,Agree,Agree,4,3,Yes,,Solving math equations,,,,Learning about real players,,Adding and subtracting fractions,,Solving equations,Order of operations (PEMDAS),,,,,,,,,,,,4 7/20 or 4.35,3 3/4 or 3.75,12.24,14,8,760,Use order of operations,idk,35.333333333333336,8 15/16 or 8.94,18,Neutral,Agree,Agree,Agree,Neutral,Strongly agree,Neutral,Disagree,Neutral,Neutral,Agree,Agree,Agree,Agree,Agree,,1,0,1,1,0,0,0,0,0,1,0,1,1,1,0,1,1,1,1,1,1,1,,0,1,0,-1,1,1,1,1,1,0,1,6,0.36363636363636365,0.9090909090909091,0.5454545454545454,8,0.36363636363636365,0.9090909090909091,0,0,1,0,0,0,0,1,0,0,1,4,3,4,4,4,2,2,1,2,3,3,4,5,4,4,3,4,4,4,3,5,3,2,3,3,4,4,4,4,4,4,4,5,4,1,3,4,3,3.466666666666667,3.933333333333333,1
1,1,,91,14000283916,14000284135,Complete,2,8th,Male,,,,,,White,,,Teacher_3,3 6/9 or 3.67,4 1/4 or 4.25,25,10,36,695,Check your answer,24,67,8 13/16 or 8.81,13,Strongly agree,Strongly agree,Strongly agree,Strongly agree,Strongly agree,Strongly disagree,Strongly disagree,Strongly disagree,Strongly disagree,Strongly agree,Strongly agree,Strongly agree,Strongly agree,Strongly agree,Strongly agree,2,3,Yes,,,,,Setting lineups,,,,,,,,Creating graphs,,,,,,,,,,,,,,,,,,,,,,,,,,,,,,,,,,,,,,,,,,,,,,,,0,0,0,0,0,0,0,0,0,0,,,0,0,0,0,0,0,0,0,0,0,0,0,,0,,8,,0,0,0,1,0,0,0,0,1,0,0,,5,5,5,5,5,1,1,1,1,5,5,5,5,5,5,,,,,,,,,,,,,,,,5,5,5,5,,,,,,5,
1,1,64,92,14000284049,14000285394,Complete,0,8th,Male,,,Hispanic or Latino/a,,,,,,Teacher_3,4 7/20 or 4.35,3 3/4 or 3.75,0.83,10,6,595,Check your answer,idk,23.333333333333332,7 1/2 or 7.50,18,Disagree,Neutral,Neutral,Neutral,Disagree,Neutral,Neutral,Neutral,Agree,Neutral,Disagree,Neutral,Neutral,Neutral,Disagree,2,3,No,,,,,Setting lineups,,,Adding and subtracting fractions,,,,,,,,,,,,,,,3 6/9 or 3.67,4 1/4 or 4.25,0.83,14,6,595,Check your answer,idk,35.333333333333336,7 1/2 or 7.50,20,Strongly disagree,Disagree,Neutral,Disagree,Neutral,Neutral,Agree,Agree,Neutral,Strongly disagree,Neutral,Neutral,Disagree,Neutral,Disagree,,0,1,1,1,1,1,0,0,0,0,0,1,1,1,0,1,1,0,0,0,0,0,,1,0,0,-1,0,0,0,0,0,0,0,0,0.45454545454545453,0.45454545454545453,0,8,0.45454545454545453,0.45454545454545453,0,0,1,0,0,0,0,1,0,0,1,2,3,3,3,2,3,3,3,4,3,2,3,3,3,2,1,2,3,2,3,3,4,4,3,1,3,3,2,3,2,3,3,3,2,3,2,2,3,2.3333333333333335,2.6666666666666665,1
1,1,,93,14000284078,14000285412,Complete,3,8th,Male,,,Hispanic or Latino/a,,,,,,Teacher_3,4 7/20 or 4.35,3 3/4 or 3.75,0.83,14,6,595,Identify key information,Uhhhh idk,94,8 15/16 or 8.94,20,Neutral,Neutral,Neutral,Neutral,Neutral,Neutral,Neutral,Neutral,Neutral,Neutral,Neutral,Neutral,Neutral,Neutral,Neutral,3,3,Maybe,Drafting players,,Creating graphs,,Setting lineups,,Competition with classmates/peers,Adding and subtracting fractions,,,,,,,,,,,,,,,,,,,,,,,,,,,,,,,,,,,,,,,,,,,,,,,,,,,,,1,1,1,1,1,1,1,0,0,1,,,1,1,1,1,1,1,1,0,0,1,0,8,,0.8,,8,,0.8,0,0,1,0,0,0,0,1,0,0,,3,3,3,3,3,3,3,3,3,3,3,3,3,3,3,,,,,,,,,,,,,,,,3,3,3,3,,,,,,3,
1,1,61,94,14000284098.999998,14000285557,Complete,5,8th,Female,,,Hispanic or Latino/a,,,,,,Teacher_3,4 7/20 or 4.35,3 3/4 or 3.75,46148,14,6,595,Identify key information,204x1/2+2x5,353/4,8 15/16 or 8.94,15,Neutral,Neutral,Neutral,Neutral,Neutral,Neutral,Neutral,Neutral,Disagree,Neutral,Neutral,Neutral,Neutral,Neutral,Neutral,3,3,Yes,,,,,Setting lineups,,,,Multiplying fractions,,,,,,,,,,,,,,4 7/20 or 4.35,4 1/4 or 4.25,idk,14,6,760,Check your answer,.,.,8 13/16 or 8.81,18,Neutral,Neutral,Neutral,Neutral,Neutral,Neutral,Neutral,Disagree,Disagree,Disagree,Agree,Neutral,Agree,Neutral,Neutral,,1,1,0,1,1,0,0,0,0,0,0,1,1,1,1,1,1,1,0,0,1,1,,0,0,1,0,0,1,1,0,0,1,1,5,0.36363636363636365,0.8181818181818182,0.4545454545454546,8,0.36363636363636365,0.8181818181818182,0,0,1,0,0,0,1,0,0,0,1,3,3,3,3,3,3,3,3,2,3,3,3,3,3,3,3,3,3,3,3,3,3,2,2,2,4,3,4,3,3,3,3,3,4,3,3,4,4,3.2,3.066666666666667,1
1,0,,95,14000284236,14000284243,Partial,2,8th,,,,,,,White,,,Teacher_3,,,,,,,,,,,,,,,,,,,,,,,,,,,,,,,,,,,,,,,,,,,,,,,,,,,,,,,,,,,,,,,,,,,,,,,,,,,,,,,,,,,,,,,,,,,,,,,,,,,,,,0,0,0,0,0,0,0,0,0,0,0,0,,,,8,,,0,0,1,0,0,0,0,0,0,0,,,,,,,,,,,,,,,,,,,,,,,,,,,,,,,,,,,,,,,,,,
1,1,,96,14000284337.999998,14000285541.000002,Complete,0,8th,Female,,Black or African American,,,,,,,Teacher_3,4 7/20 or 4.35,3 3/4 or 3.75,0.8333,14,6,595,Identify key information,20,35,8 15/16 or 8.94,15,Strongly disagree,Disagree,Neutral,Strongly agree,Disagree,Agree,Disagree,Neutral,Agree,Strongly disagree,Disagree,Neutral,Agree,Disagree,Strongly agree,2,3,Maybe,Drafting players,,,,,,,Adding and subtracting fractions,,,Order of operations (PEMDAS),Data analysis,,,Problem solving,,,,,,,,,,,,,,,,,,,,,,,,,,,,,,,,,,,,,,,,,,,,,,1,1,1,1,1,1,1,0,0,1,1,,1,1,1,1,1,1,1,0,0,1,1,9,,0.8181818181818182,,8,,0.8181818181818182,0,0,1,0,0,0,1,0,0,0,,1,2,3,5,2,4,2,3,4,1,2,3,4,2,5,,,,,,,,,,,,,,,,2,4,3,2,,,,,,2.7333333333333334,
1,1,65,97,14000284864.000002,14000285626.999998,Complete,1,8th,Male,,Black or African American,,,,,,,Teacher_3,4 7/20 or 4.35,3 3/4 or 3.75,46148,14,6,695,Identify key information,240x1/20+2x5,35.75,8 15/16 or 8.94,18,Neutral,Agree,Neutral,Disagree,Neutral,Disagree,Disagree,Disagree,Disagree,Agree,Neutral,Neutral,Neutral,Agree,Agree,4,3,No,Drafting players,,,,,,,,Multiplying fractions,,,,,,,,,,,,,,3 6/20 or 3.30,4 1/4 or 4.25,46148,10,8,595,Write an equation,(240x1/20)x2,35.75,8 15/16 or 8.94,18,Agree,Neutral,Agree,Neutral,Neutral,Neutral,Disagree,Disagree,Disagree,Agree,Agree,Agree,Neutral,Neutral,Neutral,,0,1,1,0,0,1,0,0,1,1,0,1,1,1,1,1,0,1,1,1,1,0,,1,0,0,1,1,-1,1,1,0,0,0,4,0.45454545454545453,0.8181818181818182,0.3636363636363637,8,0.45454545454545453,0.8181818181818182,0,0,1,0,0,0,0,1,0,0,1,3,4,3,2,3,2,2,2,2,4,3,3,3,4,4,4,3,4,3,3,3,2,2,2,4,4,4,3,3,3,4,4,4,4,3,4,4,4,3.533333333333333,3.466666666666667,1
1,1,56,98,14000302787,14000303849,Complete,,8th,Female,,Black or African American,,,,,,,Teacher_3,4 7/20 or 4.35,- 4 1/4 or -4.25,142,10,6,595,Write an equation,1/20x240+5x2,36 1 /2,9 1/4 or 9.25,15,Strongly agree,Strongly agree,Strongly agree,Strongly agree,Agree,Disagree,Strongly disagree,Strongly disagree,Disagree,Agree,Agree,Neutral,Agree,Strongly agree,Strongly agree,2,1,Maybe,,,,Checking leaderboards,,,,,,,,,,Budget management,,,,,,,,,4 7/20 or 4.35,4 1/4 or 4.25,110/132,10,8,595,Write an equation,240 / 2 x 5,35.75,8 13/16 or 8.81,15,Agree,Neutral,Strongly agree,Disagree,Neutral,Neutral,Agree,Strongly disagree,Strongly disagree,Agree,Agree,Strongly agree,Agree,Agree,Neutral,,1,1,1,0,0,1,0,0,1,0,1,1,0,0,0,1,1,0,1,0,0,1,,0,-1,-1,0,1,0,0,1,-1,0,0,-1,0.5454545454545454,0.45454545454545453,-0.09090909090909088,8,0.5454545454545454,0.45454545454545453,0,0,1,0,0,0,1,0,0,0,1,5,5,5,5,4,2,1,1,2,4,4,3,4,5,5,4,3,5,2,3,3,4,1,1,4,4,5,4,4,3,4,5,5,4,3,2,5,5,3.7333333333333334,4.466666666666667,1
1,1,68,99,14000302984,14000303556.999998,Complete,0,8th,Male,,,,,,,,Prefer not to say,Teacher_3,4 7/20 or 4.35,3 3/4 or 3.75,46148,14,6,595,Identify key information,\(P = 240 \times \frac{1}{20} + 2 \times 5\),35.75,8 15/16 or 8.94,20,Strongly agree,Strongly agree,Strongly agree,Strongly agree,Strongly agree,Strongly disagree,Strongly disagree,Strongly disagree,Strongly disagree,Strongly agree,Strongly agree,Strongly agree,Strongly agree,Strongly disagree,Strongly disagree,5,1,No,,,,,,,Competition with classmates/peers,,,,,,,Budget management,,,,,,,,,4 7/20 or 4.35,4 1/4 or 4.25,46148,14,6,595,Identify key information,1000-(150+120+135),45.75,9 1/4 or 9.25,13,Strongly agree,Strongly agree,Strongly agree,Strongly agree,Strongly agree,Strongly disagree,Strongly disagree,Strongly disagree,Strongly disagree,Strongly agree,Strongly agree,Strongly agree,Strongly disagree,Strongly disagree,Strongly agree,,1,1,1,1,1,1,1,0,0,0,0,1,1,1,1,1,1,1,1,1,1,0,,0,0,0,0,0,0,0,1,1,1,0,3,0.6363636363636364,0.9090909090909091,0.2727272727272727,8,0.6363636363636364,0.9090909090909091,0,0,1,0,0,0,0,1,0,0,1,5,5,5,5,5,1,1,1,1,5,5,5,5,1,1,5,5,5,5,5,1,1,1,1,5,5,5,1,1,5,5,5,5,5,5,5,5,5,4.466666666666667,4.466666666666667,1
1,1,69,100,14000303117.999998,14000303769.000002,Partial,3,8th,Male,,,,,,,,Prefer not to say,Teacher_3,4 7/20 or 4.35,3 3/4 or 3.75,0.83,14,6,595,Identify key information,P = 240(1/20) + 2(5),,,,,,,,,,,,,,,,,,,,,,,,,,,,,,,,,,,,,,,,,,,,4 7/20 or 4.35,4 1/4 or 4.25,46148,14,6,595,Identify key information,\(P = (240 \times \frac{1}{20}) + (2 \times 5)\),35.75,8 15/16 or 8.94,15,Strongly agree,Strongly agree,Strongly agree,Strongly agree,Strongly agree,Strongly disagree,Strongly disagree,Strongly disagree,Strongly disagree,Strongly agree,Strongly agree,Strongly agree,Strongly agree,Strongly agree,Strongly agree,,1,1,1,1,1,1,1,1,1,1,1,1,1,1,1,1,1,1,1,0,0,0,,0,0,0,0,0,0,0,0,-1,-1,-1,-3,1,0.7272727272727273,-0.2727272727272727,8,1,0.7272727272727273,0,0,1,0,0,0,0,1,0,0,1,,,,,,,,,,,,,,,,5,5,5,5,5,1,1,1,1,5,5,5,5,5,5,,,,,5,5,5,5,5,,1
1,1,73,101,14000303578.000002,14000304779,Complete,1,8th,Female,,,,,,White,,,Teacher_3,4 7/20 or 4.35,3 3/4 or 3.75,0.83333333333,8,6,595,Identify key information,(240 x 1/20) + (2x5),35.75,8 15/16 or 8.94,15,Agree,Agree,Agree,Agree,Agree,Disagree,Disagree,Disagree,Disagree,Agree,Agree,Agree,Agree,Agree,Agree,4,4,Yes,Drafting players,,,,Setting lineups,,,Adding and subtracting fractions,,,,,,,,,,,,,,,4 7/20 or 4.35,4 1/4 or 4.25,110/132,10,6,595,Write an equation,240x1/20,35.75,8 15/16 or 8.94,15,Neutral,Neutral,Disagree,Disagree,Neutral,Disagree,Neutral,Disagree,Neutral,Neutral,Agree,Agree,Agree,Agree,Neutral,,1,1,1,0,1,1,0,0,1,1,1,1,1,1,0,1,1,1,1,1,1,1,,0,0,0,0,0,0,1,1,0,0,0,2,0.7272727272727273,0.9090909090909091,0.18181818181818177,8,0.7272727272727273,0.9090909090909091,0,0,1,0,0,0,1,0,0,0,1,4,4,4,4,4,2,2,2,2,4,4,4,4,4,4,3,3,2,2,3,2,3,2,3,3,4,4,4,4,3,4,4,4,4,4,3,4,3,3.2666666666666666,4,1
1,1,77,102,14000378940,14000379462,Complete,0,6th,Male,,,,,,White,,,Teacher_1,4 7/20 or 4.35,3 3/4 or 3.75,46148,14,12,595,Identify key information,240x1/20+5x2,35.75,8 15/16 or 8.94,15,Agree,Agree,Agree,Neutral,Neutral,Disagree,Neutral,Disagree,Neutral,Agree,Agree,Agree,Neutral,Neutral,Strongly disagree,3,2,Maybe,Drafting players,,,,Setting lineups,,Competition with classmates/peers,Adding and subtracting fractions,Multiplying fractions,Solving equations,Order of operations (PEMDAS),Data analysis,Creating graphs,Budget management,Problem solving,,,,,,,,4 7/20 or 4.35,4 1/4 or 4.25,46148,14,6,595,Write an equation,240 divided by 20   2x5,35.75,8 15/16 or 8.94,15,Neutral,Neutral,Neutral,Neutral,Neutral,Neutral,Agree,Neutral,Neutral,Agree,Agree,Agree,Neutral,Agree,Neutral,,1,1,1,1,1,1,0,1,1,1,1,1,1,1,1,0,1,1,1,1,1,1,,0,0,0,0,-1,0,1,0,0,0,0,0,0.9090909090909091,0.9090909090909091,0,6,0.9090909090909091,0.9090909090909091,1,0,0,0,0,0,0,1,0,0,1,4,4,4,3,3,2,3,2,3,4,4,4,3,3,1,3,3,3,3,3,3,4,3,3,4,4,4,3,4,3,4,3,4,3,3,2,3,3,3.2,3.4,1
1,1,80,103,14000378950.000002,14000379537.000002,Complete,0,6th,Male,,,,,,White,,,Teacher_1,4 7/20 or 4.35,3 3/4 or 3.75,46148,14,6,595,Write an equation,240x1/20+2x5,35.75,8 15/16 or 8.94,15,Strongly agree,Strongly agree,Strongly agree,Strongly agree,Strongly agree,Disagree,Strongly agree,Strongly agree,Disagree,Strongly disagree,Strongly disagree,Strongly disagree,Neutral,Neutral,Strongly disagree,1,1,No,Drafting players,,,,,,,,,,,Data analysis,,,,,,,,,,,4 7/20 or 4.35,4 1/4 or 4.25,46148,14,6,595,Write an equation,1/20x240+10,35  3/4,8 15/16 or 8.94,15,Strongly agree,Strongly agree,Strongly agree,Strongly agree,Strongly agree,Strongly disagree,Strongly agree,Neutral,Disagree,Strongly disagree,Neutral,Agree,Agree,Agree,Strongly disagree,,1,1,1,1,1,1,0,1,1,1,1,1,1,1,1,1,1,0,1,1,1,1,,0,0,0,0,0,0,0,0,0,0,0,0,0.9090909090909091,0.9090909090909091,0,6,0.9090909090909091,0.9090909090909091,1,0,0,0,0,0,0,1,0,0,1,5,5,5,5,5,2,5,5,2,1,1,1,3,3,1,5,5,5,5,5,1,5,3,2,1,3,4,4,4,1,4,1,1,4,5,1,3,4,3.6666666666666665,3,1
1,1,75,104,14000378956.000002,14000379733.000002,Complete,0,6th,Male,,,,,,White,,,Teacher_1,4 7/20 or 4.35,3 3/4 or 3.75,46148,14,6,595,Identify key information,(240 x 1/20) + (2 x 5) = 22,35 and 3/4,8 15/16 or 8.94,15,Strongly agree,Strongly agree,Agree,Agree,Strongly agree,Strongly disagree,Strongly disagree,Strongly disagree,Strongly disagree,Agree,Agree,Agree,Neutral,Agree,Agree,2,1,Maybe,,,,Checking leaderboards,,,Competition with classmates/peers,Adding and subtracting fractions,Multiplying fractions,Solving equations,,,,,,,,,,,,,4 7/20 or 4.35,4 1/4 or 4.25,46307,14,6,595,Identify key information,(1/20 x 240) + (5 x 2) = 22,35.75,8 15/16 or 8.94,15,Strongly agree,Strongly agree,Agree,Agree,Strongly agree,Neutral,Disagree,Disagree,Strongly disagree,Neutral,Agree,Neutral,Neutral,Agree,Neutral,,1,1,1,1,1,1,1,1,1,1,1,1,1,1,1,1,1,1,1,1,1,1,,0,0,0,0,0,0,0,0,0,0,0,0,1,1,0,6,1,1,1,0,0,0,0,0,0,1,0,0,1,5,5,4,4,5,1,1,1,1,4,4,4,3,4,4,5,5,4,4,5,3,2,2,1,3,4,3,3,4,3,5,5,5,5,3,4,4,5,3.933333333333333,4.4,1
1,1,88,105,14000378967.999998,14000380075,Complete,0,6th,Female,,,,,,White,,,Teacher_1,4 7/20 or 4.35,3 3/4 or 3.75,46148,14,6,595,Write an equation,240(1/20)+2(5)=22,35.75,8 15/16 or 8.94,15,Strongly agree,Agree,Agree,Agree,Strongly agree,Strongly disagree,Disagree,Strongly disagree,Strongly disagree,Neutral,Agree,Agree,Neutral,Agree,Neutral,2,2,Maybe,Drafting players,,,,,,,,,Solving equations,,Data analysis,,Budget management,Problem solving,,,,,,,,4 7/20 or 4.35,4 1/4 or 4.25,46148,14,6,595,Identify key information,240(1/20)+2(5)=x,35.75,8 15/16 or 8.94,15,Strongly agree,Strongly agree,Agree,Agree,Agree,Strongly disagree,Disagree,Strongly disagree,Strongly disagree,Neutral,Neutral,Agree,Neutral,Agree,Agree,,1,1,1,1,1,1,1,1,1,1,1,1,1,1,1,1,1,0,1,1,1,1,,0,0,0,0,0,0,-1,0,0,0,0,-1,1,0.9090909090909091,-0.09090909090909094,6,1,0.9090909090909091,1,0,0,0,0,0,1,0,0,0,1,5,4,4,4,5,1,2,1,1,3,4,4,3,4,3,5,5,4,4,4,1,2,1,1,3,3,4,3,4,4,5,4,5,5,5,4,5,5,4.133333333333334,4.133333333333334,1
1,1,78,106,14000378971.999998,14000379675.000002,Complete,0,6th,Male,,,,,,White,,,Teacher_1,4 7/20 or 4.35,- 4 1/4 or -4.25,46148,14,6,595,Write an equation,240 times 1/20,35.75,8 13/16 or 8.81,15,Strongly agree,Agree,Neutral,Neutral,Neutral,Neutral,Disagree,Strongly disagree,Neutral,Strongly agree,Strongly agree,Agree,Disagree,Neutral,Disagree,5,3,Maybe,Drafting players,,,Checking leaderboards,Setting lineups,Learning about real players,Competition with classmates/peers,Adding and subtracting fractions,Multiplying fractions,Solving equations,Order of operations (PEMDAS),Data analysis,,Budget management,Problem solving,,,,,,,,3 6/20 or 3.30,4 1/4 or 4.25,111/132,14,6,695,Use order of operations,6 times 5,46,8 15/16 or 8.94,18,Neutral,Agree,Agree,Neutral,Disagree,Disagree,Agree,Strongly disagree,Disagree,Strongly agree,Strongly agree,Strongly agree,Neutral,Neutral,Neutral,,0,1,0,1,1,0,0,0,0,1,0,1,0,1,1,1,1,0,0,1,0,1,,1,-1,1,0,0,1,0,0,1,-1,1,3,0.36363636363636365,0.6363636363636364,0.2727272727272727,6,0.36363636363636365,0.6363636363636364,1,0,0,0,0,0,0,1,0,0,1,5,4,3,3,3,3,2,1,3,5,5,4,2,3,2,3,4,4,3,2,2,4,1,2,5,5,5,3,3,3,3,4,5,3,4,2,5,4,3.6666666666666665,3.6,1
1,1,84,107,14000378999,14000379488,Complete,1,6th,Female,,,,,,White,,,Teacher_1,4 7/20 or 4.35,4 1/4 or 4.25,46148,14,36,585,Identify key information,480.25,89,8 15/16 or 8.94,15,Strongly disagree,Strongly disagree,Strongly disagree,Strongly disagree,Strongly disagree,Strongly disagree,Strongly disagree,Strongly disagree,Strongly disagree,Strongly disagree,Strongly disagree,Strongly disagree,Strongly disagree,Strongly disagree,Strongly disagree,1,1,No,,,,,,,Competition with classmates/peers,Adding and subtracting fractions,,,,,,,,,,,,,,,3 6/9 or 3.67,4 1/4 or 4.25,0.11111111111111111111111111,14,6,595,Check your answer,I don't know,30.907,8 13/16 or 8.81,18,Neutral,Neutral,Disagree,Neutral,Disagree,Disagree,Strongly disagree,Strongly agree,Agree,Strongly disagree,Strongly disagree,Strongly disagree,Disagree,Neutral,Neutral,,0,1,0,1,1,1,0,0,0,0,0,1,0,1,1,0,0,1,0,0,1,1,,1,-1,1,0,-1,-1,1,0,0,1,1,2,0.36363636363636365,0.5454545454545454,0.18181818181818177,6,0.36363636363636365,0.5454545454545454,1,0,0,0,0,0,1,0,0,0,1,1,1,1,1,1,1,1,1,1,1,1,1,1,1,1,3,3,2,3,2,2,1,5,4,1,1,1,2,3,3,5,5,5,5,4,5,1,2,2.4,2.066666666666667,1
1,1,85,108,14000378987.000002,14000379837.999998,Complete,1,6th,Male,,,,,,White,,,Teacher_1,4 7/20 or 4.35,3 3/4 or 3.75,46148,14,6,595,Use order of operations,240 x 0.05 + 2 x 5 =,35.75,9 1/4 or 9.25,15,Neutral,Disagree,Neutral,Agree,Strongly disagree,Disagree,Strongly disagree,Strongly disagree,Neutral,Disagree,Agree,Agree,Neutral,Agree,Strongly disagree,3,1,Maybe,,,,,,,Competition with classmates/peers,Adding and subtracting fractions,Multiplying fractions,,,,,,,,,,,,,,4 7/20 or 4.35,4 1/4 or 4.25,110/132 or 5/6,14,6,0,0,0,0,0,0,0,0,0,0,0,0,0,0,0,0,0,0,0,0,0,,1,1,1,1,1,0,0,0,0,0,0,1,1,1,1,1,1,0,1,1,0,1,,0,0,0,0,0,1,0,1,1,0,1,4,0.45454545454545453,0.8181818181818182,0.3636363636363637,6,0.45454545454545453,0.8181818181818182,1,0,0,0,0,0,0,1,0,0,1,3,2,3,4,1,2,1,1,3,2,4,4,3,4,1,,,,,,,,,,,,,,,,4,5,5,3,,,,,,3.2,1
1,1,,109,14000379001,14000379776.000002,Complete,2,6th,Male,,,,,,White,,,Teacher_1,4 7/20 or 4.35,3 3/4 or 3.75,1.8257575757575757,14,6,595,Write an equation,240*1/20=2*5,35.75,8 15/16 or 8.94,15,Strongly agree,Strongly agree,Strongly agree,Strongly agree,Strongly agree,Strongly disagree,Strongly disagree,Strongly disagree,Strongly disagree,Neutral,Agree,Agree,Strongly agree,Strongly agree,Neutral,4,2,Yes,,,,Checking leaderboards,,,Competition with classmates/peers,Adding and subtracting fractions,,,,,,Budget management,Problem solving,,,,,,,,,,,,,,,,,,,,,,,,,,,,,,,,,,,,,,,,,,,,,,1,1,0,1,1,1,0,0,1,1,1,,1,1,0,1,1,1,0,0,1,1,1,8,,0.7272727272727273,,6,,0.7272727272727273,1,0,0,0,0,0,0,1,0,0,,5,5,5,5,5,1,1,1,1,3,4,4,5,5,3,,,,,,,,,,,,,,,,5,5,5,5,,,,,,4.6,
1,1,83,110,14000379004.999998,14000379616.999998,Complete,1,6th,Male,,,,,,White,,,Teacher_1,4 7/20 or 4.35,3 3/4 or 3.75,46148,14,6,595,Identify key information,240 x 1/20 + 2 x 5 = 22,35.75,8 15/16 or 8.94,15,Strongly agree,Strongly agree,Strongly agree,Strongly agree,Strongly agree,Strongly disagree,Strongly disagree,Strongly disagree,Strongly disagree,Strongly disagree,Neutral,Disagree,Agree,Agree,Strongly disagree,2,1,Maybe,Drafting players,,,,,,Competition with classmates/peers,Adding and subtracting fractions,Multiplying fractions,,,,,,,,,,,,,,4 7/20 or 4.35,4 1/4 or 4.25,46148,14,6,595,Identify key information,240 x 1/20 + 5 x 2 = 22 points,35.75,8 15/16 or 8.94,15,Agree,Agree,Neutral,Agree,Agree,Disagree,Disagree,Disagree,Disagree,Strongly disagree,Strongly disagree,Strongly disagree,Agree,Agree,Strongly disagree,,1,1,1,1,1,1,1,1,1,1,1,1,1,1,1,1,1,1,1,1,1,1,,0,0,0,0,0,0,0,0,0,0,0,0,1,1,0,6,1,1,1,0,0,0,0,0,0,1,0,0,1,5,5,5,5,5,1,1,1,1,1,3,2,4,4,1,4,4,3,4,4,2,2,2,2,1,1,1,4,4,1,5,5,5,5,4,4,4,4,3.1333333333333333,4,1
1,1,82,111,14000379068,14000380057,Complete,4,6th,Female,,,,,,White,,,Teacher_1,4 7/20 or 4.35,- 4 1/4 or -4.25,46148,14,6,760,Identify key information,240+1/20,35.75,8 13/16 or 8.81,15,Agree,Neutral,Agree,Agree,Neutral,Disagree,Strongly agree,Strongly agree,Disagree,Neutral,Agree,Neutral,Agree,Neutral,Strongly disagree,2,2,Maybe,Drafting players,,,,,,Competition with classmates/peers,,Multiplying fractions,,,,Creating graphs,,,,,,,,,,4 7/20 or 4.35,4 1/4 or 4.25,46148,14,36,585,Use order of operations,240 divided by 1/20,35.75,9 1/4 or 9.25,15,Agree,Agree,Agree,Strongly agree,Neutral,Neutral,Strongly agree,Strongly agree,Agree,Neutral,Strongly agree,Strongly agree,Agree,Strongly agree,Neutral,,1,1,1,1,0,0,0,0,1,0,1,1,0,1,1,1,0,1,0,1,0,1,,0,-1,0,0,1,0,1,0,0,0,0,1,0.5454545454545454,0.6363636363636364,0.09090909090909094,6,0.5454545454545454,0.6363636363636364,1,0,0,0,0,0,1,0,0,0,1,4,3,4,4,3,2,5,5,2,3,4,3,4,3,1,4,4,4,5,3,3,5,5,4,3,5,5,4,5,3,4,1,1,4,3,1,1,2,3.466666666666667,3.066666666666667,1
1,1,79,112,14000379104,14000380046,Complete,1,6th,Female,,,,,,White,,,Teacher_1,4 7/20 or 4.35,- 4 1/4 or -4.25,110/132,14,6,595,Use order of operations,(240x1/20)+5=17,35.75,8 15/16 or 8.94,15,Strongly agree,Strongly agree,Strongly agree,Strongly agree,Strongly agree,Strongly disagree,Neutral,Strongly disagree,Strongly disagree,Neutral,Agree,Neutral,Agree,Strongly agree,Agree,2,1,No,Drafting players,,,,,,,,,,,,,Budget management,,,,,,,,,4 7/20 or 4.35,4 1/4 or 4.25,46148,14,6,595,Use order of operations,240divided by 1/20+2,35.75,8 15/16 or 8.94,13,Agree,Agree,Agree,Agree,Agree,Strongly disagree,Disagree,Strongly disagree,Disagree,Strongly disagree,Neutral,Neutral,Agree,Strongly agree,Agree,,1,1,1,1,1,1,0,0,1,1,0,1,0,1,1,1,1,0,0,1,1,1,,0,-1,0,0,0,0,0,0,0,0,1,0,0.7272727272727273,0.7272727272727273,0,6,0.7272727272727273,0.7272727272727273,1,0,0,0,0,0,1,0,0,0,1,5,5,5,5,5,1,3,1,1,3,4,3,4,5,4,4,4,4,4,4,1,2,1,2,1,3,3,4,5,4,5,3,5,5,5,4,5,4,3.8666666666666667,4.4,1
1,1,87,113,14000379110,14000379907,Complete,2,6th,Female,,Black or African American,,,,,,,Teacher_1,4 7/20 or 4.35,3 1/4 or 3.25,110/132,4,8,695,Identify key information,idk,35.25,7 1/2 or 7.50,18,Agree,Agree,Agree,Agree,Agree,Agree,Agree,Agree,Agree,Strongly disagree,Agree,Agree,Agree,Agree,Agree,1,1,Maybe,Drafting players,,Creating graphs,Checking leaderboards,Setting lineups,,,Adding and subtracting fractions,,,,,,,,,,,,,,,4 7/20 or 4.35,4 1/4 or 4.25,55/66,4,6,760,Identify key information,240/20 + 2 x 5,35.75,8 15/16 or 8.94,15,Agree,Agree,Agree,Agree,Agree,Agree,Agree,Agree,Agree,Strongly disagree,Disagree,Neutral,Agree,Strongly agree,Strongly agree,,1,1,1,0,1,0,1,1,1,1,1,1,0,1,0,0,0,1,0,0,0,0,,0,-1,0,0,-1,0,0,-1,-1,-1,-1,-6,0.8181818181818182,0.2727272727272727,-0.5454545454545455,6,0.8181818181818182,0.2727272727272727,1,0,0,0,0,0,1,0,0,0,1,4,4,4,4,4,4,4,4,4,1,4,4,4,4,4,4,4,4,4,4,4,4,4,4,1,2,3,4,5,5,2,2,2,2,2,2,2,2,3.2,3.2666666666666666,1
1,1,76,114,14000379141.000002,14000379551,Complete,2,6th,Male,,Black or African American,,,,,,,Teacher_1,4 7/20 or 4.35,3 3/4 or 3.75,46148,14,6,595,Write an equation,240x1/20+2x5,35.75,9 1/4 or 9.25,15,Neutral,Neutral,Neutral,Neutral,Neutral,Neutral,Agree,Neutral,Disagree,Neutral,Agree,Agree,Neutral,Neutral,Strongly disagree,1,1,No,Drafting players,,,,,,,,,,Order of operations (PEMDAS),,,,,,,,,,,,4 7/20 or 4.35,4 1/4 or 4.25,46148,14,12,595,Write an equation,1/20x240+10,35   3/4,8 15/16 or 8.94,15,Neutral,Neutral,Neutral,Neutral,Neutral,Neutral,Neutral,Neutral,Neutral,Agree,Agree,Neutral,Neutral,Neutral,Disagree,,1,1,1,1,0,1,0,1,1,1,1,1,1,1,1,1,1,0,1,1,0,1,,0,0,0,0,1,0,0,0,0,-1,0,0,0.8181818181818182,0.8181818181818182,0,6,0.8181818181818182,0.8181818181818182,1,0,0,0,0,0,0,1,0,0,1,3,3,3,3,3,3,4,3,2,3,4,4,3,3,1,3,3,3,3,3,3,3,3,3,4,4,3,3,3,2,3,2,3,4,3,3,3,3,3.066666666666667,3,1
1,1,89,115,14000383930.000002,14000384596.999998,Complete,2,6th,Male,,,Hispanic or Latino/a,,,,,,Teacher_1,4 7/20 or 4.35,3 3/4 or 3.75,110/132,14,12,585,Identify key information,240x1/20 + (2x5),35.75,8 15/16 or 8.94,13,Agree,Agree,Agree,Agree,Neutral,Disagree,Strongly agree,Disagree,Neutral,Strongly disagree,Agree,Strongly disagree,Agree,Agree,Neutral,3,1,Yes,Drafting players,,,,,Learning about real players,Competition with classmates/peers,Adding and subtracting fractions,,,Order of operations (PEMDAS),,,,Problem solving,,,,,,,,4 7/20 or 4.35,4 1/4 or 4.25,110/132,14,6,595,Write an equation,240x 1/20+ 2x5,35 and 3/4,8 15/16 or 8.94,15,Agree,Neutral,Agree,Agree,Agree,Neutral,Agree,Disagree,Disagree,Strongly disagree,Neutral,Disagree,Neutral,Agree,Strongly disagree,,1,1,1,1,1,1,0,1,1,1,1,1,1,1,1,0,0,1,1,1,1,0,,0,0,0,0,-1,-1,1,0,0,0,-1,-2,0.9090909090909091,0.7272727272727273,-0.18181818181818177,6,0.9090909090909091,0.7272727272727273,1,0,0,0,0,0,0,1,0,0,1,4,4,4,4,3,2,5,2,3,1,4,1,4,4,3,4,3,4,4,4,3,4,2,2,1,3,2,3,4,1,4,1,4,3,3,2,4,4,3.066666666666667,3.2,1
1,1,97,116,14000383956,14000384594,Complete,1,6th,Male,,,,,,White,,,Teacher_1,4 7/20 or 4.35,3 3/4 or 3.75,46148,14,6,595,Write an equation,(240x1/20)+2x5,35.75,8 15/16 or 8.94,15,Strongly agree,Strongly agree,Strongly agree,Strongly agree,Strongly agree,Strongly disagree,Strongly disagree,Strongly disagree,Strongly disagree,Neutral,Neutral,Neutral,Strongly agree,Strongly agree,Agree,2,2,No,,,,,Setting lineups,,,,Multiplying fractions,,,,,,,,,,,,,,4 7/20 or 4.35,4 1/4 or 4.25,110/132 or 55/66,14,6,760,Identify key information,1/20x240+5x2,35.75,8 15/16 or 8.94,15,Strongly agree,Strongly agree,Strongly agree,Strongly agree,Strongly agree,Strongly disagree,Strongly disagree,Strongly disagree,Strongly disagree,Disagree,Disagree,Disagree,Agree,Strongly agree,Neutral,,1,1,1,1,1,0,1,1,1,1,1,1,1,1,1,1,1,0,1,1,1,1,,0,0,0,0,0,1,-1,0,0,0,0,0,0.9090909090909091,0.9090909090909091,0,6,0.9090909090909091,0.9090909090909091,1,0,0,0,0,0,0,1,0,0,1,5,5,5,5,5,1,1,1,1,3,3,3,5,5,4,5,5,5,5,5,1,1,1,1,2,2,2,4,5,3,5,5,5,5,5,5,5,5,4.2,4.533333333333333,1
1,1,90,117,14000383990,14000384727.000002,Complete,1,6th,Male,,,,,,White,,,Teacher_1,4 7/20 or 4.35,3 3/4 or 3.75,46148,14,6,595,Write an equation,240 x 1/20 + 2 x 5,35.125,8 13/16 or 8.81,15,Strongly agree,Strongly agree,Strongly agree,Agree,Agree,Strongly disagree,Strongly disagree,Strongly disagree,Disagree,Neutral,Agree,Agree,Agree,Agree,Agree,4,4,Yes,Drafting players,,,,,,,Adding and subtracting fractions,Multiplying fractions,Solving equations,Order of operations (PEMDAS),,,Budget management,,,,,,,,,4 9/20 or 4.45,4 1/4 or 4.25,46148,14,8,695,Write an equation,Use 1 number + the other number.,35.125,9 1/4 or 9.25,18,Strongly agree,Strongly agree,Agree,Neutral,Neutral,Disagree,Disagree,Strongly disagree,Strongly disagree,Neutral,Agree,Agree,Agree,Neutral,Disagree,,1,1,1,1,0,0,0,0,0,0,0,1,1,1,1,1,1,0,1,0,0,1,,0,0,0,0,1,1,0,1,0,0,1,4,0.36363636363636365,0.7272727272727273,0.36363636363636365,6,0.36363636363636365,0.7272727272727273,1,0,0,0,0,0,0,1,0,0,1,5,5,5,4,4,1,1,1,2,3,4,4,4,4,4,5,5,4,3,3,2,2,1,1,3,4,4,4,3,2,5,5,5,4,4,4,5,5,3.8666666666666667,4.333333333333333,1
1,1,92,118,14000383990,14000384496,Complete,0,6th,Non-binary,,,,,,White,,,Teacher_1,4 7/20 or 4.35,3 3/4 or 3.75,46148,14,6,595,Write an equation,2x5+240x1/20,35.75,8 15/16 or 8.94,15,Neutral,Disagree,Disagree,Disagree,Disagree,Strongly agree,Strongly agree,Strongly agree,Strongly agree,Strongly disagree,Neutral,Strongly disagree,Strongly disagree,Strongly disagree,Strongly disagree,3,2,Yes,Drafting players,,,,,,,,,,,,,Budget management,,,,,,,,,4 7/20 or 4.35,4 1/4 or 4.25,46148,14,12,595,Write an equation,(240 x 1/20) + (2 x 5),35.75,8 15/16 or 8.94,15,Neutral,Disagree,Disagree,Disagree,Disagree,Disagree,Neutral,Disagree,Neutral,Strongly disagree,Neutral,Strongly disagree,Strongly disagree,Agree,Strongly disagree,,1,1,1,1,0,1,0,1,1,1,1,1,1,1,1,1,1,0,1,1,1,1,,0,0,0,0,1,0,0,0,0,0,0,1,0.8181818181818182,0.9090909090909091,0.09090909090909083,6,0.8181818181818182,0.9090909090909091,1,0,0,0,0,0,0,0,1,0,1,3,2,2,2,2,5,5,5,5,1,3,1,1,1,1,3,2,2,2,2,2,3,2,3,1,3,1,1,4,1,1,1,1,1,4,3,4,3,2.4,1.5333333333333334,1
1,0,,119,14000384059,14000384350.000002,Partial,1,6th,Female,,,,,,White,,,Teacher_1,4 7/20 or 4.35,3 3/4 or 3.75,110/132=55/66=5/6,14,8,,,,,,,,,,,,,,,,,,,,,,,,,,,,,,,,,,,,,,,,,,,,,,,,,,,,,,,,,,,,,,,,,,,,,,,,,,,,,,,,,,,,,1,1,1,1,0,0,0,,,,,,1,1,1,1,0,0,0,0,0,0,0,4,,0.5714285714285714,,6,,0.5714285714285714,1,0,0,0,0,0,1,0,0,0,,,,,,,,,,,,,,,,,,,,,,,,,,,,,,,,,,,,,,,,,,
1,1,95,120,14000384087.999998,14000385337.000002,Complete,2,6th,Male,,Black or African American,,,,,,,Teacher_1,4 7/20 or 4.35,3 3/4 or 3.75,46148,14,6,595,Use order of operations,240 / 1/20 ( 5 x 2 ),35.75,8 13/16 or 8.81,15,Agree,Agree,Neutral,Neutral,Agree,Agree,Strongly agree,Agree,Disagree,Neutral,Neutral,Disagree,Agree,Disagree,Strongly disagree,4,3,Yes,Drafting players,,,Checking leaderboards,Setting lineups,,Competition with classmates/peers,,,Solving equations,Order of operations (PEMDAS),Data analysis,,Budget management,Problem solving,,,,,,,,4 7/20 or 4.35,4 1/4 or 4.25,46148,14,12,595,Write an equation,(240 x 1/20) = 2x5,35.75,8 15/16 or 8.94,15,Neutral,Agree,Neutral,Neutral,Neutral,Disagree,Strongly agree,Strongly agree,Disagree,Strongly disagree,Neutral,Disagree,Neutral,Neutral,Strongly disagree,,1,1,1,1,0,1,0,1,1,1,1,1,1,1,1,1,1,0,1,1,0,1,,0,0,0,0,1,0,0,0,0,-1,0,0,0.8181818181818182,0.8181818181818182,0,6,0.8181818181818182,0.8181818181818182,1,0,0,0,0,0,0,1,0,0,1,4,4,3,3,4,4,5,4,2,3,3,2,4,2,1,3,4,3,3,3,2,5,5,2,1,3,2,3,3,1,2,1,2,4,4,1,1,4,2.6,2.8,1
1,1,96,121,14000384136,14000385117.999998,Complete,1,6th,Male,,,,,,White,,,Teacher_1,4 7/20 or 4.35,3 3/4 or 3.75,46148,14,8,760,Identify key information,///,///,8 15/16 or 8.94,13,Disagree,Disagree,Disagree,Disagree,Disagree,Disagree,Disagree,Disagree,Disagree,Neutral,Disagree,Strongly agree,Strongly agree,Disagree,Disagree,4,2,Maybe,,,,Checking leaderboards,,,,Adding and subtracting fractions,Multiplying fractions,Solving equations,Order of operations (PEMDAS),Data analysis,Creating graphs,Budget management,Problem solving,,,,,,,,0,0,0,0,0,0,0,0,0,0,0,0,0,0,0,0,0,0,0,0,0,0,0,0,0,0,,,,,,,,,,,,,1,1,1,1,0,0,1,0,0,1,0,,1,1,1,1,0,0,1,0,0,1,0,6,,0.5454545454545454,,6,,0.5454545454545454,1,0,0,0,0,0,0,1,0,0,1,2,2,2,2,2,2,2,2,2,3,2,5,5,2,2,,,,,,,,,,,,,,,,4,4,4,4,,,,,,3,1
1,1,94,122,14000384217.999998,14000385433,Complete,1,6th,Male,,,,,,,Other,,Teacher_1,4 7/20 or 4.35,3 3/4 or 3.75,5/6 or 10/12,14,6,595,Identify key information,1/20 x 240 + 2 x 5,35.125,8 13/16 or 8.81,15,Neutral,Neutral,Strongly disagree,Disagree,Neutral,Agree,Strongly agree,Neutral,Agree,Disagree,Neutral,Disagree,Strongly disagree,Strongly disagree,Strongly disagree,2,1,Yes,Drafting players,,,,,,,,,,,,,Budget management,,,,,,,,,4 7/20 or 4.35,4 1/4 or 4.25,0.833333333,14,8,595,Identify key information,"5 x 2 = 10, passing touchdowns. 240 x 1/20, for passing yards.",35 1/8 points,9 1/4 or 9.25,15,Agree,Agree,Neutral,Neutral,Neutral,Strongly agree,Agree,Neutral,Neutral,Neutral,Agree,Agree,Disagree,Strongly disagree,Strongly disagree,,1,1,1,1,0,1,1,1,0,0,1,1,1,1,1,1,1,1,1,0,0,1,,0,0,0,0,1,0,0,0,0,0,0,1,0.7272727272727273,0.8181818181818182,0.09090909090909094,6,0.7272727272727273,0.8181818181818182,1,0,0,0,0,0,0,1,0,0,1,3,3,1,2,3,4,5,3,4,2,3,2,1,1,1,4,4,3,3,3,5,4,3,3,3,4,4,2,1,1,2,1,3,2,1,2,3,3,2.7333333333333334,2,1
1,1,93,123,14000384393.999998,14000385085.000002,Complete,1,6th,Female,,,,,,White,,,Teacher_1,4 7/20 or 4.35,3 3/4 or 3.75,110/132=55/66=5/6,14,12,595,Identify key information,(240 x 1/20) + (2 x 5)=130,35.75,8 15/16 or 8.94,15,Neutral,Disagree,Agree,Disagree,Strongly disagree,Agree,Strongly agree,Strongly agree,Strongly agree,Strongly disagree,Neutral,Disagree,Agree,Agree,Strongly disagree,2,1,No,Drafting players,,,,,,,,,,,,,,Problem solving,,,,,,,,4 7/20 or 4.35,4 1/4 or 4.25,110/132 = 55/66 = 5/6,14,8,595,Identify key information,5+5+1/20 x 240,33.75,8 13/16 or 8.81,15,Neutral,Neutral,Agree,Agree,Disagree,Agree,Strongly agree,Agree,Strongly agree,Strongly disagree,Neutral,Disagree,Agree,Neutral,Strongly agree,,1,1,1,1,0,1,1,1,0,0,1,1,1,1,1,0,1,1,1,1,1,1,,0,0,0,0,0,0,0,0,1,1,0,2,0.7272727272727273,0.9090909090909091,0.18181818181818177,6,0.7272727272727273,0.9090909090909091,1,0,0,0,0,0,1,0,0,0,1,3,2,4,2,1,4,5,5,5,1,3,2,4,4,1,3,3,4,4,2,4,5,4,5,1,3,2,4,3,5,2,1,1,1,2,1,2,1,2.6666666666666665,2.1333333333333333,1
1,1,50,124,14000385741.999998,14000385901,Partial,3,8th,Male,,Black or African American,,,,,,,Teacher_3,3 6/9 or 3.67,3 3/4 or 3.75,i dont know/understand this one,10,12,,,,,,,,,,,,,,,,,,,,,,,,,,,,,,,,,,,,,,,,,,,,,,,4 7/20 or 4.35,4 1/4 or 4.25,46148,14,12,595,Use order of operations,2 * 1/20 + 2* 5,35.75,8 15/16 or 8.94,20,Agree,Agree,Agree,Agree,Agree,Neutral,Agree,Agree,Agree,Agree,Agree,Neutral,Neutral,Agree,Neutral,,1,1,1,1,0,1,0,0,1,1,0,0,1,0,0,0,0,0,0,0,0,0,,-1,0,-1,-1,0,-1,0,0,-1,-1,0,-6,0.6363636363636364,0.09090909090909091,-0.5454545454545454,8,0.6363636363636364,0.09090909090909091,0,0,1,0,0,0,0,1,0,0,1,,,,,,,,,,,,,,,,4,4,4,4,4,3,4,4,4,4,4,3,3,4,3,,,,,3,2,2,2,3.3333333333333335,,1
1,0,,125,14000386945.000002,14000387940.000002,Partial,0,6th,Male,,,Hispanic or Latino/a,,,White,,,Teacher_1,4 7/20 or 4.35,3 3/4 or 3.75,46148,,,,,,,,,,,,,,,,,,,,,,,,,,,,,,,,,,,,,,,,,,,,,,,,,,,,,,,,,,,,,,,,,,,,,,,,,,,,,,,,,,,,,,,1,1,1,0,0,0,0,,,,,,1,1,1,0,0,0,0,0,0,0,0,3,,0.42857142857142855,,6,,0.42857142857142855,1,0,0,0,0,0,0,1,0,0,,,,,,,,,,,,,,,,,,,,,,,,,,,,,,,,,,,,,,,,,,
1,1,81,126,14000387987.000002,14000388632,Complete,0,6th,Male,,,Hispanic or Latino/a,,,White,,,Teacher_1,4 7/20 or 4.35,3 1/4 or 3.25,46148,14,6,595,Identify key information,240÷120+2×5,35.75,8 15/16 or 8.94,15,Agree,Agree,Agree,Agree,Agree,Strongly disagree,Disagree,Disagree,Strongly disagree,Strongly disagree,Neutral,Agree,Agree,Agree,Disagree,3,2,Yes,Drafting players,,,Checking leaderboards,,,Competition with classmates/peers,,Multiplying fractions,,,,,Budget management,,,,,,,,,4 7/20 or 4.35,4 1/4 or 4.25,0.83,14,12,595,Write an equation,240 divided by 20 and 5x2,35.75,8 15/16 or 8.94,15,Agree,Agree,Agree,Agree,Neutral,Strongly disagree,Disagree,Disagree,Neutral,Agree,Neutral,Agree,Disagree,Neutral,Disagree,,1,1,1,1,0,1,0,1,1,1,1,1,0,1,1,1,1,1,0,1,1,1,,0,-1,0,0,1,0,1,-1,0,0,0,0,0.8181818181818182,0.8181818181818182,0,6,0.8181818181818182,0.8181818181818182,1,0,0,0,0,0,0,1,0,0,1,4,4,4,4,4,1,2,2,1,1,3,4,4,4,2,4,4,4,4,3,1,2,2,3,4,3,4,2,3,2,5,4,4,5,5,4,4,3,3.533333333333333,3.7333333333333334,1
1,0,,127,14000459204,14000460563,Partial,2,6th,Male,,Black or African American,,,,,,,Teacher_1,4 7/20 or 4.35,3 3/4 or 3.75,110/132,14,6,585,Identify key information,46042,35.75,8 13/16 or 8.81,18,Neutral,Neutral,Neutral,Agree,Neutral,Agree,Agree,Agree,Neutral,Disagree,Neutral,Neutral,Neutral,Agree,Strongly disagree,,,,,,,,,,,,,,,,,,,,,,,,,,,,,,,,,,,,,,,,,,,,,,,,,,,,,,,,,,,,,,,,1,1,1,1,1,0,1,0,1,0,,,1,1,1,1,1,0,1,0,1,0,0,7,,0.7,,6,,0.7,1,0,0,0,0,0,0,1,0,0,,3,3,3,4,3,4,4,4,3,2,3,3,3,4,1,,,,,,,,,,,,,,,,2,2,2,3,,,,,,2.7333333333333334,
1,1,91,128,14000459431,14000459869.000002,Complete,0,6th,Male,,,Hispanic or Latino/a,,,,,,Teacher_1,4 7/20 or 4.35,3 3/4 or 3.75,46148,14,6,595,Identify key information,12 points,8,8 15/16 or 8.94,15,Neutral,Neutral,Disagree,Neutral,Neutral,Agree,Disagree,Strongly agree,Strongly agree,Strongly disagree,Strongly disagree,Disagree,Disagree,Neutral,Strongly disagree,3,1,Maybe,,,,,Setting lineups,Learning about real players,Competition with classmates/peers,,Multiplying fractions,Solving equations,,,,,Problem solving,,,,,,,,0,0,0,0,0,0,0,0,0,0,0,0,0,0,0,0,0,0,0,0,0,0,0,0,0,0,,,,,,,,,,,,,1,1,1,1,1,1,1,0,0,1,1,,1,1,1,1,1,1,1,0,0,1,1,9,,0.8181818181818182,,6,,0.8181818181818182,1,0,0,0,0,0,0,1,0,0,1,3,3,2,3,3,4,2,5,5,1,1,2,2,3,1,,,,,,,,,,,,,,,,2,4,1,1,,,,,,2.1333333333333333,1
1,1,86,129,14000460622,14000460929,Complete,2,6th,Male,,Black or African American,,,,,,,Teacher_1,4 7/20 or 4.35,3 3/4 or 3.75,110/132,14,6,585,Check your answer,46042,35.75,8 15/16 or 8.94,18,Disagree,Disagree,Neutral,Agree,Neutral,Disagree,Agree,Agree,Neutral,Disagree,Disagree,Disagree,Neutral,Disagree,Disagree,3,2,Yes,,,,,,Learning about real players,,Adding and subtracting fractions,,,,,,,,,,,,,,,4 7/20 or 4.35,- 4 1/4 or -4.25,110/132,14,36,695,Identify key information,240 + 2 x 5,36,7 1/2 or 7.50,15,Strongly disagree,Neutral,Strongly disagree,Disagree,Neutral,Disagree,Agree,Neutral,Disagree,Disagree,Neutral,Disagree,Agree,Neutral,Neutral,,1,0,1,1,0,0,1,0,0,0,1,1,1,1,1,1,0,0,0,1,1,0,,0,1,0,0,1,0,-1,0,1,1,-1,2,0.45454545454545453,0.6363636363636364,0.18181818181818182,6,0.45454545454545453,0.6363636363636364,1,0,0,0,0,0,0,1,0,0,1,2,2,3,4,3,2,4,4,3,2,2,2,3,2,2,1,3,1,2,3,2,4,3,2,2,3,2,4,3,3,4,2,2,3,4,2,3,4,2.6666666666666665,2.533333333333333,1
1,1,9,130,14000466137,14000467053,Partial,3,6th,Female,,Black or African American,,,,,,,Teacher_6,4 7/20 or 4.35,3 3/4 or 3.75,55/66,14,6,595,Write an equation,12 times 10 is 120,,,,,,,,,,,,,,,,,,,,,,,,,,,,,,,,,,,,,,,,,,,,3 6/9 or 3.67,4 1/4 or 4.25,0.83,10,6,760,Identify key information,240+2/1/20+5,35.75,0,0,0,0,0,0,0,0,0,0,0,0,0,0,0,0,0,,0,1,1,0,1,0,1,0,1,0,0,1,1,1,1,1,1,0,0,0,0,0,,1,0,0,1,0,1,-1,0,-1,0,0,1,0.45454545454545453,0.5454545454545454,0.09090909090909088,6,0.45454545454545453,0.5454545454545454,1,0,0,0,0,0,1,0,0,0,1,,,,,,,,,,,,,,,,,,,,,,,,,,,,,,,,,,,,,,,,,1
1,1,43,131,14000466246,14000466656.000002,Complete,2,6th,Male,,,,,,White,,,Teacher_6,4 7/20 or 4.35,3 3/4 or 3.75,46148,10,8,585,Identify key information,(1/20 * 240) + (2 * 5),33.75,9 1/4 or 9.25,15,Agree,Disagree,Neutral,Disagree,Neutral,Agree,Strongly agree,Agree,Agree,Disagree,Agree,Agree,Strongly disagree,Disagree,Strongly disagree,3,2,Maybe,Drafting players,,,,,,,,Multiplying fractions,,Order of operations (PEMDAS),,Creating graphs,,,,,,,,,,4 7/20 or 4.35,4 1/4 or 4.25,110\132,14,36,695,Identify key information,11111,3536,8 13/16 or 8.81,15,Strongly agree,Strongly agree,Strongly agree,Agree,Neutral,Disagree,Neutral,Agree,Strongly agree,Strongly disagree,Disagree,Neutral,Agree,Strongly agree,Agree,,1,1,1,1,0,0,1,0,0,0,1,1,1,1,0,0,0,1,1,0,0,1,,0,0,0,-1,0,0,0,1,0,0,0,0,0.5454545454545454,0.5454545454545454,0,6,0.5454545454545454,0.5454545454545454,1,0,0,0,0,0,0,1,0,0,1,4,2,3,2,3,4,5,4,4,2,4,4,1,2,1,5,5,5,4,3,2,3,4,5,1,2,3,4,5,4,2,1,2,2,4,3,2,1,3.4,2.3333333333333335,1
1,1,28,132,14000466683,14000468210,Complete,1,6th,Female,,Black or African American,,,,,,,Teacher_6,4 7/20 or 4.35,3 3/4 or 3.75,46148,14,6,595,Write an equation,(1/20 * 240) + (2 * 5),35.75,8 15/16 or 8.94,15,Strongly agree,Strongly agree,Agree,Neutral,Agree,Neutral,Agree,Disagree,Strongly disagree,Agree,Strongly agree,Agree,Agree,Neutral,Agree,3,3,Yes,,,Creating graphs,,Setting lineups,,Competition with classmates/peers,,Multiplying fractions,Solving equations,Order of operations (PEMDAS),,Creating graphs,,,,,,,,,,4 7/20 or 4.35,4 1/4 or 4.25,46148,14,6,595,Identify key information,(Yards / 25) + (Touchdowns x 4) + (Run Yards / 10) - (Mistakes x 2),13.5,8 13/16 or 8.81,15,Agree,Agree,Agree,Agree,Agree,Strongly disagree,Strongly disagree,Strongly disagree,Strongly disagree,Disagree,Neutral,Disagree,Agree,Agree,Agree,,1,1,1,1,1,1,1,0,0,0,1,1,1,1,1,1,1,0,1,1,1,1,,0,0,0,0,0,0,-1,1,1,1,0,2,0.7272727272727273,0.9090909090909091,0.18181818181818177,6,0.7272727272727273,0.9090909090909091,1,0,0,0,0,0,1,0,0,0,1,5,5,4,3,4,3,4,2,1,4,5,4,4,3,4,4,4,4,4,4,1,1,1,1,2,3,2,4,4,4,3,2,4,5,5,5,5,5,3.933333333333333,3.933333333333333,1
1,0,,133,14000467787.999998,14000468644.000002,Complete,,6th,Male,,Black or African American,,,,,,,Teacher_6,4 7/20 or 4.35,4 1/4 or 4.25,46148,14,36,585,Use order of operations,480,35.75,7 1/2 or 7.50,20,Strongly agree,Strongly agree,Strongly agree,Strongly agree,Strongly agree,Strongly agree,Strongly agree,Strongly agree,Strongly agree,Strongly agree,Strongly agree,Strongly agree,Strongly agree,Strongly agree,Strongly agree,5,5,Yes,Drafting players,,,,,,,Adding and subtracting fractions,,,,,,,,,,,,,,,,,,,,,,,,,,,,,,,,,,,,,,,,,,,,,,,,,,,,,1,0,1,1,0,0,0,0,1,0,,,1,0,1,1,0,0,0,0,1,0,0,4,,0.4,,6,,0.4,1,0,0,0,0,0,0,1,0,0,,5,5,5,5,5,5,5,5,5,5,5,5,5,5,5,,,,,,,,,,,,,,,,1,1,1,1,,,,,,3.933333333333333,
1,1,46,134,14000467764,14000468709.999998,Complete,2,6th,Female,,Black or African American,,,,,,,Teacher_6,4 7/20 or 4.35,3 3/4 or 3.75,0.8333,14,36,585,Identify key information,p,12,8 13/16 or 8.81,18,Agree,Agree,Agree,Neutral,Agree,Disagree,Disagree,Disagree,Disagree,Neutral,Agree,Neutral,Agree,Strongly agree,Agree,4,4,Maybe,Drafting players,Solving math equations,Creating graphs,Checking leaderboards,Setting lineups,Learning about real players,Competition with classmates/peers,,Multiplying fractions,,,,,,,,,,,,,,4 9/20 or 4.45,4 1/4 or 4.25,0.8333,4,36,585,Check your answer,biuyW Riu;onrtah',353/4,7 1/2 or 7.50,18,Strongly disagree,Neutral,Neutral,Neutral,Neutral,Neutral,Neutral,Neutral,Neutral,Neutral,Neutral,Neutral,Neutral,Neutral,Neutral,,1,1,1,0,0,0,0,0,1,0,0,1,1,1,1,0,0,1,0,0,0,0,,0,0,0,1,0,0,1,0,-1,0,0,1,0.36363636363636365,0.45454545454545453,0.09090909090909088,6,0.36363636363636365,0.45454545454545453,1,0,0,0,0,0,1,0,0,0,1,4,4,4,3,4,2,2,2,2,3,4,3,4,5,4,1,3,3,3,3,3,3,3,3,3,3,3,3,3,3,4,4,4,4,3,3,3,3,2.8666666666666667,3.8666666666666667,1
1,1,24,135,14000468101,14000468332,Complete,3,6th,Male,,Black or African American,Hispanic or Latino/a,,,,Other,,Teacher_6,3 6/20 or 3.30,4 1/4 or 4.25,46148,10,36,760,Identify key information,320,23.25,8 15/16 or 8.94,18,Strongly agree,Strongly agree,Strongly agree,Strongly agree,Neutral,Strongly agree,Strongly agree,Strongly agree,Strongly agree,Strongly agree,Neutral,Strongly agree,Neutral,Neutral,Neutral,5,5,Yes,Drafting players,,,,,,,Adding and subtracting fractions,,,,,,,,,,,,,,,4 7/20 or 4.35,- 4 1/4 or -4.25,0.83,14,8,695,Write an equation,240+2/1/20+5,35.75,7 1/2 or 7.50,15,Strongly agree,Neutral,Neutral,Agree,Agree,Agree,Neutral,Agree,Strongly agree,Agree,Agree,Neutral,Agree,Agree,Agree,,1,0,1,1,0,0,0,0,1,0,1,0,0,1,0,0,0,1,0,0,1,0,,-1,0,0,-1,0,0,1,0,-1,1,-1,-2,0.45454545454545453,0.2727272727272727,-0.18181818181818182,6,0.45454545454545453,0.2727272727272727,1,0,0,0,0,0,0,1,0,0,1,5,5,5,5,3,5,5,5,5,5,3,5,3,3,3,5,3,3,4,4,4,3,4,5,4,4,3,4,4,4,1,1,1,1,2,3,2,1,3.3333333333333335,3.2666666666666666,1
1,1,35,136,14000468241.000002,14000468474,Complete,0,6th,Female,,Black or African American,,,,,,,Teacher_6,4 9/20 or 4.45,- 4 1/4 or -4.25,55/66,14,6,585,Write an equation,(1/20 times 240) plus(2 times 5),35.75,8 15/16 or 8.94,15,Agree,Agree,Neutral,Neutral,Agree,Neutral,Agree,Disagree,Neutral,Agree,Disagree,Neutral,Disagree,Disagree,Strongly disagree,4,4,Yes,Drafting players,,,,,,Competition with classmates/peers,,Multiplying fractions,Solving equations,Order of operations (PEMDAS),,,,,,,,,,,,4 7/20 or 4.35,- 4 1/4 or -4.25,110/132 or 55/66 or 5/6,14,6,585,Use order of operations,i need hlep,35.75,7 1/2 or 7.50,18,Agree,Agree,Strongly disagree,Strongly disagree,Agree,Strongly disagree,Disagree,Strongly disagree,Strongly disagree,Strongly disagree,Disagree,Strongly disagree,Disagree,Neutral,Strongly disagree,,1,0,1,1,1,0,0,0,1,0,0,0,0,1,1,1,0,0,1,1,1,1,,-1,0,0,0,0,0,0,1,0,1,1,2,0.45454545454545453,0.6363636363636364,0.18181818181818182,6,0.45454545454545453,0.6363636363636364,1,0,0,0,0,0,1,0,0,0,1,4,4,3,3,4,3,4,2,3,4,2,3,2,2,1,4,4,1,1,4,1,2,1,1,1,2,1,2,3,1,3,2,4,3,5,4,5,5,2.8666666666666667,2.933333333333333,1
1,1,42,137,14000468671,14000469521.000002,Complete,,6th,Female,,Black or African American,,,,,,,Teacher_6,3 6/9 or 3.67,3 3/4 or 3.75,0.8333333,8,6,595,Identify key information,check,30 over 2 6,8 13/16 or 8.81,13,Neutral,Disagree,Disagree,Neutral,Agree,Neutral,Neutral,Agree,Disagree,Disagree,Neutral,Disagree,Neutral,Agree,Disagree,4,5,Yes,Drafting players,Solving math equations,,,,Learning about real players,Competition with classmates/peers,Adding and subtracting fractions,,Solving equations,Order of operations (PEMDAS),,,Budget management,,,,,,,,,4 7/20 or 4.35,4 1/4 or 4.25,110/132,14,6,595,Identify key information,240/2=238/1=5 1/20,35/9 20,9 1/4 or 9.25,15,Agree,Strongly agree,Neutral,Agree,Strongly agree,Neutral,Agree,Disagree,Strongly disagree,Neutral,Strongly agree,Agree,Disagree,Neutral,Strongly disagree,,1,1,1,1,1,1,1,0,0,0,1,0,1,1,0,1,1,1,0,0,0,0,,-1,0,0,-1,0,0,0,0,0,0,-1,-3,0.7272727272727273,0.45454545454545453,-0.27272727272727276,6,0.7272727272727273,0.45454545454545453,1,0,0,0,0,0,1,0,0,0,1,3,2,2,3,4,3,3,4,2,2,3,2,3,4,2,4,5,3,4,5,3,4,2,1,3,5,4,2,3,1,3,3,2,4,3,2,4,5,3.533333333333333,2.8,1
1,1,45,138,14000469644,14000472399.000002,Complete,0,6th,Female,,Black or African American,,,,,,,Teacher_6,4 7/20 or 4.35,3 3/4 or 3.75,46148,14,6,595,Identify key information,total QB Points = (240*1/20)+2*5)+2*50),35.75,8 15/16 or 8.94,15,Agree,Agree,Agree,Neutral,Strongly disagree,Strongly agree,Strongly agree,Disagree,Agree,Strongly agree,Strongly agree,Strongly agree,Neutral,Neutral,Disagree,4,5,Maybe,,Solving math equations,,Checking leaderboards,,,Competition with classmates/peers,Adding and subtracting fractions,Multiplying fractions,Solving equations,,Data analysis,,Budget management,Problem solving,,,,,,,,3 6/9 or 3.67,- 4 1/4 or -4.25,0.8333,10,6,695,Check your answer,(240 x 1/20) + (2 x 5),35.75,8 13/16 or 8.81,18,Agree,Neutral,Neutral,Neutral,Neutral,Neutral,Neutral,Neutral,Neutral,Neutral,Neutral,Neutral,Neutral,Neutral,Neutral,,0,0,1,0,1,0,0,1,1,0,0,1,1,1,1,1,1,1,0,1,1,1,,1,1,0,1,0,1,1,-1,0,1,1,6,0.36363636363636365,0.9090909090909091,0.5454545454545454,6,0.36363636363636365,0.9090909090909091,1,0,0,0,0,0,1,0,0,0,1,4,4,4,3,1,5,5,2,4,5,5,5,3,3,2,4,3,3,3,3,3,3,3,3,3,3,3,3,3,3,1,1,4,2,3,3,3,3,3.066666666666667,3.1333333333333333,1
1,1,40,139,14000472782,14000472989,Complete,1,6th,Male,,,,,,White,,,Teacher_6,3 6/9 or 3.67,3 3/4 or 3.75,46148,14,6,585,Write an equation,(1/20 * 240) + (2 * 5),35.75,8 15/16 or 8.94,18,Strongly agree,Strongly agree,Agree,Agree,Strongly agree,Disagree,Disagree,Strongly disagree,Strongly disagree,Agree,Strongly agree,Strongly agree,Agree,Disagree,Agree,4,3,Maybe,,Solving math equations,Creating graphs,,,,,,,Solving equations,,,Creating graphs,,,,,,,,,,4 7/20 or 4.35,3 1/4 or 3.25,10,4,36,585,Check your answer,12,123,9 1/4 or 9.25,13,Neutral,Neutral,Neutral,Neutral,Neutral,Neutral,Neutral,Neutral,Neutral,Neutral,Neutral,Neutral,Neutral,Neutral,Neutral,,1,0,1,0,0,0,0,0,0,0,0,0,1,1,1,1,0,0,1,1,1,0,,-1,1,0,1,1,0,0,1,1,1,0,5,0.18181818181818182,0.6363636363636364,0.45454545454545453,6,0.18181818181818182,0.6363636363636364,1,0,0,0,0,0,0,1,0,0,1,5,5,4,4,5,2,2,1,1,4,5,5,4,2,4,3,3,3,3,3,3,3,3,3,3,3,3,3,3,3,4,4,5,5,3,3,3,3,3,4.333333333333333,1
1,1,22,140,14000473073,14000473225,Complete,1,6th,Male,,,,,,White,,,Teacher_6,4 7/20 or 4.35,3 3/4 or 3.75,46148,14,6,595,Identify key information,1/20 times 240 + 2 times 5,35.75,8 15/16 or 8.94,15,Agree,Agree,Agree,Agree,Agree,Agree,Agree,Agree,Agree,Strongly agree,Strongly agree,Strongly agree,Agree,Agree,Agree,5,4,Yes,,,,,,,Competition with classmates/peers,,Multiplying fractions,Solving equations,Order of operations (PEMDAS),,,,,,,,,,,,4 7/20 or 4.35,4 1/4 or 4.25,110/132 or 5/6,14,6,595,Identify key information,240 divided by 1/20,0,0,0,0,0,0,0,0,0,0,0,0,0,0,0,0,0,0,,1,1,1,1,1,1,1,0,0,0,0,1,1,1,1,1,1,1,1,1,1,1,,0,0,0,0,0,0,0,1,1,1,1,4,0.6363636363636364,1,0.36363636363636365,6,0.6363636363636364,1,1,0,0,0,0,0,0,1,0,0,1,4,4,4,4,4,4,4,4,4,5,5,5,4,4,4,,,,,,,,,,,,,,,,2,2,2,2,,,,,,3.6666666666666665,1
1,1,7,141,14000473291,14000473436.000002,Complete,1,6th,Male,,,,,,White,,,Teacher_6,3 6/9 or 3.67,3 3/4 or 3.75,46148,14,6,595,Write an equation,1/20 times 240 + 2 times 5,35.75,8 15/16 or 8.94,15,Strongly agree,Strongly agree,Strongly agree,Strongly agree,Strongly agree,Strongly agree,Strongly agree,Strongly agree,Strongly agree,Strongly agree,Strongly agree,Strongly agree,Agree,Agree,Agree,4,4,Yes,,Solving math equations,,Checking leaderboards,,,,,Multiplying fractions,Solving equations,Order of operations (PEMDAS),,Creating graphs,,,,,,,,,,4 7/20 or 4.35,4 1/4 or 4.25,110/132 or 5/6,14,6,595,Identify key information,240 divided by 1/20,0,0,0,0,0,0,0,0,0,0,0,0,0,0,0,0,0,0,,1,1,1,1,1,1,1,0,0,0,0,0,1,1,1,1,1,0,1,1,1,1,,-1,0,0,0,0,0,-1,1,1,1,1,2,0.6363636363636364,0.8181818181818182,0.18181818181818188,6,0.6363636363636364,0.8181818181818182,1,0,0,0,0,0,0,1,0,0,1,5,5,5,5,5,5,5,5,5,5,5,5,4,4,4,,,,,,,,,,,,,,,,1,1,1,1,,,,,,3.7333333333333334,1
1,1,18,142,14000478570,14000479346,Complete,0,6th,Male,,Black or African American,,,,,,,Teacher_6,4 9/20 or 4.45,3 3/4 or 3.75,55/66,14,6,585,Use order of operations,(1/20 * 240) + (2 * 5),35.75,8 15/16 or 8.94,15,Agree,Neutral,Neutral,Disagree,Agree,Disagree,Neutral,Agree,Disagree,Agree,Agree,Neutral,Disagree,Disagree,Disagree,4,4,Yes,Drafting players,,,,Setting lineups,,Competition with classmates/peers,,Multiplying fractions,Solving equations,Order of operations (PEMDAS),,Creating graphs,,,,,,,,,,4 7/20 or 4.35,4 1/4 or 4.25,110/132 or 55/66,14,12,595,Identify key information,i subtracked the number for all the players,35.75,8 15/16 or 8.94,15,Disagree,Disagree,Neutral,Neutral,Disagree,Agree,Neutral,Neutral,Agree,Neutral,Agree,Agree,Neutral,Neutral,Disagree,,1,1,1,1,0,1,1,0,1,1,1,0,1,1,1,1,0,0,1,1,1,1,,-1,0,0,0,1,-1,-1,1,0,0,0,-1,0.8181818181818182,0.7272727272727273,-0.09090909090909094,6,0.8181818181818182,0.7272727272727273,1,0,0,0,0,0,0,1,0,0,1,4,3,3,2,4,2,3,4,2,4,4,3,2,2,2,2,2,3,3,2,4,3,3,4,3,4,4,3,3,2,4,3,2,4,2,3,3,2,2.7333333333333334,3.066666666666667,1
1,1,17,143,14000479370,14000479696,Complete,0,6th,Female,,Black or African American,,,,,,,Teacher_6,4 7/20 or 4.35,3 3/4 or 3.75,46148,14,6,585,Use order of operations,1/20 times 240 + 2 times 5,35.75,8 15/16 or 8.94,15,Agree,Disagree,Neutral,Agree,Disagree,Neutral,Agree,Neutral,Disagree,Neutral,Agree,Agree,Neutral,Agree,Disagree,4,3,Maybe,,,,Checking leaderboards,,,,,Multiplying fractions,Solving equations,,,,,,,,,,,,,4 7/20 or 4.35,4 1/4 or 4.25,110/132 or 55/66,14,12,595,Identify key information,I subtracted the numbers to find out my answer for the quarterback points.,35.75,8 15/16 or 8.94,15,Agree,Agree,Agree,Neutral,Agree,Agree,Neutral,Disagree,Strongly disagree,Neutral,Disagree,Agree,Agree,Neutral,Agree,,1,1,1,1,0,1,1,0,1,1,1,1,1,1,1,1,0,0,1,1,1,1,,0,0,0,0,1,-1,-1,1,0,0,0,0,0.8181818181818182,0.8181818181818182,0,6,0.8181818181818182,0.8181818181818182,1,0,0,0,0,0,1,0,0,0,1,4,2,3,4,2,3,4,3,2,3,4,4,3,4,2,4,4,4,3,4,4,3,2,1,3,2,4,4,3,4,3,2,3,4,2,3,4,5,3.533333333333333,3.1333333333333333,1
